Workbook

Sheet Info
A1: FILE TÍNH TOÁN & KIỂM NGHIỆM THIẾT BỊ — HỆ TRUYỀN ĐỘNG XE CON CẦU TRỤC DẦM ĐÔI (x = 2)
A2: Mã hồ sơ: CDRL-02 — Gói SOW-3.1 / SOW-3.3 (Khối 3 — CDR-EVT)
A3: Phiên bản Excel: v1.4 — Ngày: 27/10/2026 — Người lập (Writer): AI; Người duyệt: Nhóm 8.5-EMG (Checker lượt 1 và lượt 2 ngày 27/10/2026: không có XUNG ĐỘT/CẢNH BÁO; sau lượt 2 sửa các ghi nhận N-1, N-5 và ghi chú K6-2 — chỉ chữ/chuỗi hiển thị, không đổi số)
A4: Lịch sử: v1.4 (27/10/2026) tiếp nhận góp ý đồng nghiệp PE-HW (file v3, 27/10/2026) trên nền v1.3: E_đ tính phần rotor theo ω_m tại v_max thay vì ω_N (Tính chọn D81; E_Rh 59.9 → 59.4 J); KT-42 (P_Rh ≥ P_Rh,tb), KT-43 (M_c ≤ M_N); khối S (P_dc,hãm kể δ và J_B — chỉ tham khảo, KT-15 giữ công thức WORKFLOW §4.2-C4); GiaDinh_K3 hàng 59–60 (P_Rh = 200 W [W-09]); WCCA hàng 15 bọc MAX(0,·); sheet Tong_hop và Quy_dao mới; cột G sheet Mo_phong sinh dòng lệnh MATLAB theo tên biến ICD. Không đổi tên biến ICD, không đổi số hiệu KT-01..KT-41, không đổi số liệu nào khác của v1.3. Thay đổi phụ không đổi số: Tính chọn F81 thêm ghi chú; Kiểm tra E41 (KT-40) hằng 1E-9 được Excel ghi lại thành 0.000000001; Info chèn 2 dòng A22–A23. Sửa sau Checker lượt 1 (27/10/2026): Dẫn xuất hàng 24 SRS-D05d (P_Rh); Tong_hop ghép chuỗi ngưỡng từ Params/Kiểm tra (K6-1); nguồn công thức khối S (K8-2); ghi chú năng lượng xung KT-42 (K8-4); Mo_phong G1 bắt đầu bằng % (K9-1); tiêu đề 2 biểu đồ Quy_dao (biểu đồ 1 ghi khối cứng); Quy_dao C4/C5 ghi tham số hiển thị [C] (K6-3); Info A3, A22 và Tong_hop A2 sửa câu mô tả (K6-1, K10-1). Sửa sau Checker lượt 2 (27/10/2026): Tong_hop D31 lấy ngưỡng Δv từ Kiểm tra D32 và D28 hiển thị φ = 0.20 (N-1); Info A3/A4 ghi đủ các ô chữ đã sửa (N-5); Tính chọn F82 ghi chú công thức E_Rh là gần đúng (K6-2, Người dùng giữ 59.4 J). v1.3 (26/10/2026) nhóm C — bộ thông số mô phỏng: mô hình 2 khối lượng (khối O), giới hạn điện áp & giảm từ thông (khối P), biến tần trung bình & DC-link (khối Q), kịch bản rút gọn TS-01/TS-02 (khối R), giả định [C] GiaDinh_K3 hàng 43–58, KT-34..KT-41, SRS-D14..D15, sheet Mo_phong; không đổi số nào của v1.2. v1.2 (25/10/2026) nhập i_thực = 155.34 (SEW R87), M_a,max, xác minh BE1 7 N·m, R_h Danotherm CBH 360, ACS380 tr.12/24 đối chiếu ảnh trang; v1.0 (24/10/2026) bản đầu; v1.1 (24/10/2026) xử lý Checker K6-2 (λ quy về U_N = 400 V), K6-3 (quán tính khi phanh), K6-4 (sheet WCCA), K7-1 (thử mô-men giữ ⇒ M_B ≥ 1.2·M_hold, M_B = 7 N·m), K8-1, K8-3.
A5: Baseline: SSoT-8.5EMG-v1.2 (P-01..P-20), SRS Baseline A.1 (ký 24/10/2026; SRS-PERM-04: k_dt ≥ 1.20). Trạng thái: ĐÃ DUYỆT — Cổng G4 đóng 24/10/2026.
A6: Phạm vi (QĐ-07): chỉ xét điều kiện vận hành lý tưởng — không mất điện, không E-STOP/dừng khẩn, không xét sự cố thiết bị.
A8: QUY ƯỚC MÀU
A9: Chữ xanh dương = số nhập (hằng số gốc / giả định / catalogue). Chữ đen = công thức. Chữ xanh lá = công thức lấy từ sheet khác.
A10: Nền vàng = ô quyết định của Người dùng (chọn ứng viên động cơ, tỷ số truyền thực tế, R_h, M_B...). Ứng viên động cơ đã chốt sel = 1 (QĐ-04).
A11: Mọi ô ở 'Tính chọn', 'Kiểm tra', 'Dẫn xuất' là công thức; không gõ lại hằng số (WORKFLOW_RULES §6).
A13: CẤU TRÚC SHEET
A14: Params — 20 thông số gốc P-01..P-20 (sao chép đúng SSoT v1.2).
... A46: 8) ĐC định mức 400 V/50 Hz chạy trên lưới 380 V: nghịch lưu chỉ tạo được k_u·U_dc/√2 nên ở gần v_max phải giảm từ thông (khối P, SRS-D14..D15); KT-37/38 kiểm dòng vẫn trong giới hạn.

Sheet Tong_hop
A1: TỔNG HỢP — HỆ TRUYỀN ĐỘNG XE CON CẦU TRỤC DẦM ĐÔI (x = 2) — EXCEL v1.4
A2: Mọi ô số liệu và ngưỡng là công thức trỏ về Params / GiaDinh_K3 / Catalogue / Tính chọn / Kiểm tra / WCCA (chữ xanh lá); tên thiết bị, đơn vị, mã KT là chữ. Mã KT theo sheet Kiểm tra (không đổi so với v1.3).
A4: 1. ĐỀ BÀI VÀ GIẢ ĐỊNH CHÍNH
A5: Đại lượng | B5: Giá trị | C5: Đơn vị | D5: Nguồn
A6: Tải trọng định mức Q | B6: =Params!$C$2 -> 12222 | C6: kg | D6: P-01 [A]
A7: Khối lượng cơ cấu nâng hạ m_nh | B7: =Params!$C$3 -> 222 | C7: kg | D7: P-02 [A]
A8: Khối lượng xe con m_xc | B8: =Params!$C$4 -> 1800 | C8: kg | D8: P-03 [C] — chưa có catalogue
A9: Chiều cao nâng h | B9: =Params!$C$7 -> 12 | C9: m | D9: P-06 [A]
A10: Vận tốc tối đa v_max | B10: =Params!$C$10 -> 0.12 | C10: m/s | D10: P-09 [A]
A11: Gia tốc cực đại a_max | B11: =Params!$C$11 -> 0.5 | C11: m/s² | D11: P-10 [A]
A12: Độ giật cực đại ρ_max | B12: =Params!$C$12 -> 2 | C12: m/s³ | D12: P-11 [A]
A13: Chế độ làm việc | B13: =Params!$C$18 -> S3 - 40% | C13: - | D13: P-17
A15: 2. CẤU HÌNH THIẾT BỊ ĐÃ CHỐT (QĐ-04, sel = 1)
A16: Hạng mục | B16: Thiết bị / mã | D16: Thông số chính | E16: Nguồn
A17: Động cơ | B17: ="SEW "&Catalogue!$F$3&" (IE3, 4 cực, 400 V/50 Hz)" -> SEW DRN80M4 (IE3, 4 cực, 400 V/50 Hz) | D17: =TEXT(Catalogue!$F$4,"0.00")&" kW · "&TEXT(Catalogue!$F$5,"0.00")&" N·m · "&Catalogue!$F$6&" vg/ph · "&TEXT(Catalogue!$F$7,"0.00")&" A · λK = "&Catalogue!$F$12 -> 0.75 kW · 4.95 N·m · 1440 vg/ph · 1.75 A · λK = 3.4 | E17: [W-01], [W-02]
A18: Hộp số | B18: SEW R87 (trụ đồng trục) | D18: ="i = "&TEXT(GiaDinh_K3!$D$39,"0.00")&" · M_a,max = "&TEXT(GiaDinh_K3!$D$40,"#,##0")&" N·m" -> i = 155.34 · M_a,max = 1,550 N·m | E18: [W-06]
A19: Phanh | B19: ="SEW "&Catalogue!$F$16&" thường đóng" -> SEW BE1 thường đóng | D19: ="M_B = "&GiaDinh_K3!$D$20&" N·m (cấp 10/7/5); thử mô-men giữ (QĐ-05)" -> M_B = 7 N·m (cấp 10/7/5); thử mô-men giữ (QĐ-05) | E19: [W-07]
A20: Encoder | B20: SEW ES7C | D20: =GiaDinh_K3!$D$33&" chu kỳ/vòng" -> 1024 chu kỳ/vòng | E20: [W-04]
A21: Biến tần | B21: ="ABB "&Catalogue!$F$18 -> ABB ACS380-04xS-03A3-4 | D21: ="I_N = "&Catalogue!$F$19&" A · I_Hd = "&Catalogue!$F$21&" A · I_max = "&Catalogue!$F$23&" A" -> I_N = 3.3 A · I_Hd = 2.6 A · I_max = 4.7 A | E21: [W-05] tr.12
A22: Điện trở hãm | B22: Danotherm CBH 360 C T 406 210R | D22: =GiaDinh_K3!$D$42&" Ω · "&GiaDinh_K3!$D$60&" W · có công tắc nhiệt" -> 210 Ω · 200 W · có công tắc nhiệt | E22: [W-05] tr.24, [W-09]
A23: Bảo vệ / đóng cắt | B23: Cầu chì gG 6 A OFAF000H6 · Contactor ABB AF09-30-10-13 | D23: ="3 pha "&Params!$C$20&" V ±"&TEXT(GiaDinh_K3!$D$5,"0%") -> 3 pha 380 V ±10% | E23: [W-08], [W-10]
A24: Điều khiển | B24: RFOC + S-curve 7 đoạn + FSM | D24: ="a* = "&GiaDinh_K3!$D$11&" m/s² · ρ* = "&GiaDinh_K3!$D$12&" m/s³ · v_bò = "&TEXT('Tính chọn'!$D$172,"0.000")&" m/s" -> a* = 0.45 m/s² · ρ* = 1.8 m/s³ · v_bò = 0.033 m/s | E24: SDD Khối 3
A26: 3. KẾT QUẢ CHÍNH
A27: Đại lượng | B27: Giá trị | C27: Đơn vị | D27: Ngưỡng / so sánh | E27: Mã KT
A28: Lực cản tĩnh đầy tải F_c | B28: ='Tính chọn'!$D$5 -> 2096.0046 | C28: N | D28: ="w₀ = "&Params!$C$14&" (không dùng φ = "&TEXT(Params!$C$15,"0.00")&")" -> w₀ = 0.015 (không dùng φ = 0.20) | E28: KT-01
A29: Lực kéo cực đại F_max | B29: ='Tính chọn'!$D$10 -> 9218.0046 | C29: N | D29: Downstream #6 | E29: KT-06
A30: Công suất tĩnh / công suất đỉnh | B30: =TEXT('Tính chọn'!$D$7,"0")&" / "&TEXT('Tính chọn'!$D$11,"0") -> 279 / 1229 | C30: W
A31: Tỷ số truyền yêu cầu / thực | B31: =TEXT('Tính chọn'!$D$19,"0.00")&" / "&TEXT('Tính chọn'!$D$20,"0.00") -> 157.08 / 155.34 | C31: - | D31: ="Δv = "&TEXT('Tính chọn'!$D$21,"0.0%")&" (≤ "&TEXT('Kiểm tra'!$D$32,"0%")&")" -> Δv = 1.1% (≤ 5%) | E31: KT-31
A32: Quán tính tổng đầy / không tải | B32: =TEXT('Tính chọn'!$D$30,"0.00000")&" / "&TEXT('Tính chọn'!$D$31,"0.00000") -> 0.01323 / 0.00413 | C32: kg·m²
A33: Mô-men cực đại M_max (a_max) | B33: ='Tính chọn'!$D$33 -> 10.824908 | C33: N·m | D33: ="= "&TEXT('Tính chọn'!$D$35,"0.00")&"·M_N" -> = 2.19·M_N
A34: λ khả dụng ở lưới −10% (quy về 400 V) | B34: ='Tính chọn'!$D$36 -> 2.485485 | C34: - | D34: ="biên "&TEXT('Tính chọn'!$D$36/'Tính chọn'!$D$35,"0.00") -> biên 1.14 | E34: KT-05
A35: Mô-men đẳng trị M_đt | B35: ='Tính chọn'!$D$58 -> 1.3781619 | C35: N·m
A36: Hệ số dự trữ nhiệt k_dt | B36: ='Tính chọn'!$D$60 -> 3.608859 | C36: - | D36: ="≥ "&TEXT('Kiểm tra'!$D$8,"0.00")&" (SRS A.1)" -> ≥ 1.20 (SRS A.1) | E36: KT-07
A37: Hệ số bám đầy / không tải | B37: =TEXT('Tính chọn'!$D$13,"0.000")&" / "&TEXT('Tính chọn'!$D$16,"0.000") -> 1.516 / 1.516 | C37: - | D37: ="≥ "&TEXT('Kiểm tra'!$D$3,"0.00") -> ≥ 1.20 | E37: KT-02, 03
A38: Dòng đỉnh khi tăng tốc | B38: ='Tính chọn'!$D$71 -> 3.3160409 | C38: A | D38: ="≤ 1.5·I_Hd = "&TEXT('Tính chọn'!$D$72,"0.00") -> ≤ 1.5·I_Hd = 3.90 | E38: KT-11
A39: Công suất hãm đỉnh về DC-link | B39: ='Tính chọn'!$D$75 -> 436.4878 | C39: W | D39: ="≤ P_BR,max = "&TEXT(Catalogue!$F$27*1000,"0")&" W" -> ≤ P_BR,max = 1130 W | E39: KT-15
A40: … kể δ và J_B (tham khảo, khối S) | B40: ='Tính chọn'!$D$234 -> 724.4859 | C40: W | D40: ="biên "&TEXT('Tính chọn'!$D$235,"0.00") -> biên 1.56 | E40: —
A41: Cửa sổ R_h | B41: ="["&TEXT('Tính chọn'!$D$78,"0")&"; "&TEXT('Tính chọn'!$D$77,"0")&"]" -> [99; 428] | C41: Ω | D41: ="chọn "&GiaDinh_K3!$D$42&" Ω" -> chọn 210 Ω | E41: KT-13, 14
A42: Năng lượng vào R_h mỗi lần dừng | B42: ='Tính chọn'!$D$82 -> 59.414888 | C42: J | D42: ="E_C tụ = "&TEXT('Tính chọn'!$D$213,"0.0")&" J" -> E_C tụ = 15.5 J | E42: KT-39
A43: Cửa sổ mô-men phanh | B43: ="["&TEXT('Tính chọn'!$D$88,"0.00")&"; "&TEXT('Tính chọn'!$D$89,"0.00")&"]" -> [5.94; 10.12] | C43: N·m | D43: ="chọn "&GiaDinh_K3!$D$20&" N·m" -> chọn 7 N·m | E43: KT-27, 28
A44: S-curve: T_j / T_a / t_acc | B44: =TEXT('Tính chọn'!$D$39,"0.000")&" / "&TEXT('Tính chọn'!$D$40,"0.0000")&" / "&TEXT('Tính chọn'!$D$41,"0.0000") -> 0.250 / 0.0167 / 0.5167 | C44: s | E44: KT-18..20
A45: PI dòng K_p,I / T_i,I | B45: =TEXT('Tính chọn'!$D$128,"0.00")&" V/A / "&TEXT('Tính chọn'!$D$129*1000,"0.00")&" ms" -> 108.36 V/A / 5.55 ms | D45: ="Δt_torque = "&TEXT('Tính chọn'!$D$131*1000,"0.00")&" ms" -> Δt_torque = 1.76 ms | E45: KT-22
A46: PI tốc độ K_p,ω / T_i,ω | B46: =TEXT('Tính chọn'!$D$135,"0.0000")&" A·s/rad / "&TEXT('Tính chọn'!$D$136*1000,"0.00")&" ms" -> 0.7145 A·s/rad / 7.00 ms | D46: ="PM = "&TEXT('Tính chọn'!$D$152,"0.0")&"° (đầy) / "&TEXT('Tính chọn'!$D$166,"0.0")&"° (không)" -> PM = 34.6° (đầy) / 34.6° (không) | E46: KT-23, 24
A47: Tỷ số từ thông nhỏ nhất (lưới −10%) | B47: ='Tính chọn'!$D$199 -> 0.80389798 | C47: - | D47: ="I_s,fw = "&TEXT('Tính chọn'!$D$208,"0.00")&" A ≤ "&TEXT('Tính chọn'!$D$72,"0.00")&" A" -> I_s,fw = 2.25 A ≤ 3.90 A | E47: KT-37, 38
A49: 4. KẾT LUẬN
A50: Kiểm tra Đạt | B50: =COUNTIF('Kiểm tra'!$E$2:$E$44,"Đạt")&" / "&COUNTA('Kiểm tra'!$A$2:$A$44) -> 40 / 43
A51: Không áp dụng (CR-01, QĐ-07) | B51: =COUNTIF('Kiểm tra'!$E$2:$E$44,"Không áp dụng*") -> 2
A52: TBD (mô phỏng Khối 4–5) | B52: =COUNTIF('Kiểm tra'!$E$2:$E$44,"TBD*") -> 1
A53: Không đạt | B53: =COUNTIF('Kiểm tra'!$E$2:$E$44,"Không đạt*") -> 0
A54: Kịch bản WCCA Đạt | B54: =COUNTIF(WCCA!$B$18:$I$18,"Đạt")&" / 8" -> 8 / 8
A55: Biên quá tải nhỏ nhất (WCCA) | B55: =MIN(WCCA!$B$12:$I$12) -> 1.0236501
A56: Kết luận cấu hình | B56: =IF(AND(COUNTIF('Kiểm tra'!$E$2:$E$44,"Không đạt*")=0,COUNTIF(WCCA!$B$18:$I$18,"Đạt")=8),"ĐẠT — cấu hình chốt thỏa mọi kiểm tra phương pháp A; kiểm chứng S (KT-32) chờ Khối 4–5","XEM LẠI — có mục Không đạt trong Kiểm tra / WCCA") -> ĐẠT — cấu hình chốt thỏa mọi kiểm tra phương pháp A; kiểm chứng S (KT-32) chờ Khối 4–5
A58: Giới hạn còn mở: m_xc = 1,800 kg là giả định [C]; tham số mạch thay thế ĐC ước lượng từ bảng tên (cần ID-run); ngưỡng chopper ACS380 và C_dc chưa đối chiếu firmware/catalogue; tổ hợp R87 + khung DRN80 cần SEW xác nhận khi đặt hàng.
A59: Phạm vi: vận hành lý tưởng (QĐ-07) — không xét mất điện, dừng khẩn, sự cố thiết bị.

Sheet Params
A1: Mã P-xx | B1: Ký hiệu | C1: Giá trị | D1: Đơn vị | E1: Loại [A/B/C] | F1: ID yêu cầu | G1: Nguồn | H1: Tên thông số (tham khảo)
A2: P-01 | B2: Q | C2: 12222 | D2: kg | E2: [A] | F2: SRS-PERM-01 | G2: Đề bài x = 2 (SSoT v1.2) | H2: Tải trọng nâng định mức
A3: P-02 | B3: m_nh | C3: 222 | D3: kg | E3: [A] | F3: SRS-PERM-01 | G3: Đề bài x = 2 | H3: Khối lượng cơ cấu nâng hạ
A4: P-03 | B4: m_xc | C4: 1800 | D4: kg | E4: [C] | F4: SRS-PERM-01 | G4: Giả định ~15% Q; kiểm tra lại Khối 2 (chưa có catalogue) | H4: Khối lượng bản thân xe con
A5: P-04 | B5: M_Σ | C5: =$C$2+$C$3+$C$4 -> 14244 | D5: kg | E5: [B] | F5: SRS-PERM-01 | G5: P-01+P-02+P-03 | H5: Tổng khối lượng đầy tải
A6: P-05 | B6: m_tĩnh | C6: =$C$3+$C$4 -> 2022 | D6: kg | E6: [B] | F6: SRS-PERM-01 | G6: P-02+P-03 | H6: Tổng khối lượng không tải
A7: P-06 | B7: h | C7: 12 | D7: m | E7: [A] | F7: SRS-PERM-03 | G7: Đề bài x = 2 | H7: Chiều cao nâng (dài cáp)
A8: P-07 | B8: ω_p | C8: =SQRT($C$19/$C$7) -> 0.90415707 | D8: rad/s | E8: [B] | F8: SRS-PERM-03 | G8: √(g/h) | H8: Tần số góc con lắc
A9: P-08 | B9: T_p | C9: =2*PI()/$C$8 -> 6.9492188 | D9: s | E9: [B] | F9: SRS-PERM-03 | G9: 2π/ω_p | H9: Chu kỳ con lắc
A10: P-09 | B10: v_max | C10: 0.12 | D10: m/s | E10: [A] | F10: SRS-PERM-02 | G10: Đề bài x = 2 | H10: Vận tốc di chuyển lớn nhất
A11: P-10 | B11: a_max | C11: 0.5 | D11: m/s² | E11: [A] | F11: SRS-FUNC-03, SRS-PERM-03 | G11: Đề bài | H11: Gia tốc cực đại cho phép
A12: P-11 | B12: ρ_max | C12: 2 | D12: m/s³ | E12: [A] | F12: SRS-FUNC-03, SRS-PERM-03 | G12: Đề bài | H12: Độ giật cực đại cho phép
A13: P-12 | B13: D_bx | C13: 0.25 | D13: m | E13: [C] | F13: SRS-PERM-01, SRS-PERM-02 | G13: Giả định SSoT (nguồn DIN 536 chưa có trong kho) | H13: Đường kính bánh xe
A14: P-13 | B14: w_0 | C14: 0.015 | D14: - | E14: [C] | F14: SRS-PERM-01 | G14: Giả định SSoT; dải SOW 0.012-0.018 | H14: Suất cản lăn riêng
A15: P-14 | B15: φ | C15: 0.2 | D15: - | E15: [C] | F15: SRS-PERM-01 | G15: Giả định SSoT (Bài 4 slide 43: truyền lực ma sát) | H15: Hệ số bám bánh thép-ray
A16: P-15 | B16: η | C16: 0.9 | D16: - | E16: [C] | F16: SRS-PERM-01 | G16: Giả định SSoT (bảo thủ cho geared motor) | H16: Hiệu suất cơ khí
A17: P-16 | B17: i | C17: 150 | D17: - | E17: [C] | F17: SRS-PERM-01, SRS-PERM-02 | G17: Giả định SSoT; Khối 3 dùng i_thực (SRS-D03) | H17: Tỷ số truyền sơ bộ
A18: P-17 | B18: Chế độ | C18: S3 - 40% | D18: - | E18: [C] | F18: SRS-PERM-04 | G18: IEC 60034-1 ([R4] tr.23) | H18: Chế độ làm việc định mức
A19: P-18 | B19: g | C19: 9.81 | D19: m/s² | E19: [C] | F19: SRS-PERM-01, SRS-PERM-03 | G19: Hằng số | H19: Gia tốc trọng trường
A20: P-19 | B20: U_lưới | C20: 380 | D20: V (±10%, 50 Hz) | E20: [C] | F20: SRS-PERM-04 | G20: Lưới hạ thế VN | H20: Nguồn điện lưới
A21: P-20 | B21: F_c.đầy | C21: =$C$5*$C$19*$C$14 -> 2096.0046 | D21: N | E21: [B] | F21: SRS-PERM-01 | G21: M_Σ·g·w_0 | H21: Lực cản tĩnh đầy tải

Sheet GiaDinh_K3
A1: Mã | B1: Đại lượng | C1: Ký hiệu | D1: Giá trị | E1: Đơn vị | F1: Công thức / Ghi chú | G1: Nguồn công thức
A2: Phân giải số của P-17 và P-19 (không phải số mới)
A3: CD | B3: Hệ số đóng điện tương đối của S3 | C3: CD | D3: 0.4 | E3: - | F3: Từ P-17 'S3 - 40%' | G3: P-17; IEC 60034-1 [R4] tr.23
A4: Tck | B4: Chu kỳ chuẩn S3 | C4: T_ck | D4: 600 | E4: s | F4: 10 phút (SRS-PERM-04) | G4: SRS-PERM-04
A5: dU | B5: Dung sai điện áp lưới | C5: ΔU | D5: 0.1 | E5: - | F5: ±10% (P-19) | G5: P-19
A6: f_grid | B6: Tần số lưới | C6: f | D6: 50 | E6: Hz | F6: P-19 | G6: P-19
A7: Giả định thiết kế [C] phát sinh ở Khối 3 (mỗi dòng: lý do + mốc kiểm tra)
A8: delta | B8: Hệ số kể đến quán tính chi tiết quay hộp số/khớp nối | C8: δ | D8: 1.15 | E8: - | F8: Giữa dải 1.1-1.2 (WORKFLOW §4.2-B4); kiểm tra lại khi có J hộp số SEW | G8: WORKFLOW_RULES §4.2-B4
A9: k_dan | B9: Tỷ lệ trọng lượng bám trên bánh dẫn | C9: k_dẫn | D9: 0.5 | E9: - | F9: 2/4 bánh dẫn (SAD TO-02 phương án A) | G9: WORKFLOW §4.2-B3; SAD §3.2
A10: n_trip | B10: Số hành trình trong một chu kỳ S3 | C10: n_ht | D10: 2 | E10: - | F10: 1 hành trình đầy tải (Tiến) + 1 hành trình không tải (Lùi); chiều dài hành trình suy ra để CD đúng 40% | G10: Giả định chu trình [C]
A11: a_set | B11: Gia tốc đặt S-curve | C11: a* | D11: 0.45 | E11: m/s² | F11: Dự trữ 10% dưới P-10; nằm trong dải QCD-Q03 [0.45; 0.50] | G11: SRS-FUNC-03; SOW QCD-Q03
A12: rho_set | B12: Độ giật đặt S-curve | C12: ρ* | D12: 1.8 | E12: m/s³ | F12: Dự trữ 10% dưới P-11; dải QCD-Q03 [1.80; 2.00] | G12: SRS-FUNC-03; SOW QCD-Q03
A13: eta_inv | B13: Hiệu suất biến tần | C13: η_inv | D13: 0.97 | E13: - | F13: Giá trị điển hình, chưa xác minh catalogue | G13: Giả định [C]
A14: U_chop | B14: Ngưỡng mở Chopper (thiết kế mô hình) | C14: U_chop | D14: 700 | E14: V | F14: Downstream #3: 700 ± 20 V; ngưỡng thật ACS380 chưa xác minh | G14: SRS Baseline A §4 #3
A15: U_dcmax | B15: Giới hạn điện áp DC-link | C15: U_dc,max | D15: 780 | E15: V | F15: Downstream #3 | G15: SRS Baseline A §4 #3
A16: U_trip | B16: Ngưỡng ngắt quá áp (mô hình) | C16: U_trip | D16: 800 | E16: V | F16: Downstream #3: 800 ± 10 V | G16: SRS Baseline A §4 #3
A17: kp_brake | B17: Hệ số an toàn phanh giữ | C17: k_p | D17: 1.25 | E17: - | F17: Cận trên dải 1.1-1.25 (TCVN 4244 §1.5.3.3 theo Baseline, chưa đối chiếu bản scan) | G17: [R1] qua WORKFLOW §4.2-C3
A18: k_hold | B18: Mô-men giữ thử trước khi nhả phanh (bội số M_N) | C18: M_hold/M_N | D18: 1 | E18: - | F18: Cận dưới dải [100%; 150%] (Downstream #5) | G18: SRS Baseline A §4 #5
A19: k_test | B19: Hệ số dự trữ phanh khi thử mô-men giữ | C19: k_thử | D19: 1.2 | E19: - | F19: Phanh phải giữ được M_hold khi thử (SDD §5) | G19: Giả định [C]
... A36: PM_min | B36: Độ dự trữ pha tối thiểu vòng tốc độ | C36: PM_min | D36: 30 | E36: ° | F36: Thông lệ thiết kế (gián tiếp cho M_p ≤ 10%) | G36: Giả định [C]
A37: Ô quyết định của Người dùng (cổng G4)
A38: sel | B38: Ứng viên chọn (1 = DRN80M4 + ACS380-03A3-4; 2 = DRN90S4 + ACS380-04A0-4) | C38: sel | D38: 1 | E38: - | F38: ĐÃ CHỐT = 1 (QĐ-04, 24/10/2026): DRN80M4 + ACS380-03A3-4; chấp nhận biên quá tải 1.03 ở WC-5 | G38: Người dùng — QĐ-04
A39: i_in | B39: Tỷ số truyền thực tế của hộp số SEW R87 | C39: i_thực | D39: 155.34 | E39: - | F39: R87, tỷ số tổng 155.34 — SEW Drive Selection (ứng dụng xe con, 25/10/2026) | G39: [W-06]
A40: Ma_max | B40: Mô-men ra cho phép lớn nhất của hộp số R87 | C40: M_a,max | D40: 1550 | E40: N·m | F40: SEW Drive Selection: R87, i = 155.34 | G40: [W-06]
A41: FRa | B41: Tải hướng kính cho phép trên trục ra (n = 1400) | C41: F_Ra | D41: 17100 | E41: N | F41: SEW Drive Selection: R87 | G41: [W-06]
A42: Rh_set | B42: Điện trở xả hãm chọn | C42: R_h | D42: 210 | E42: Ω | F42: Danotherm CBH 360 C T 406 210R: 210 Ω ±10%, 200 W (40 °C), công tắc nhiệt — điện trở mẫu ABB cho ACS380-01A8…05A6-4 | G42: [W-05] tr.24; [W-09]
A43: Giả định mô phỏng [C] — Khối 4, nhóm C (26/10/2026): mô hình 2 khối lượng, giới hạn điện áp, biến tần trung bình, kịch bản rút gọn
A44: k_u | B44: Hệ số dự trữ điện áp điều chế (để vòng dòng còn biên) | C44: k_u | D44: 0.95 | E44: - | F44: U_1 ≤ k_u·U_dc/√2 (SVPWM tuyến tính); 5% dành cho điều chỉnh dòng | G44: Giả định [C]
A45: zeta | B45: Hệ số tắt dần con lắc | C45: ζ | D45: 0 | E45: - | F45: Bảo thủ: không tắt dần (SDD §3.4) | G45: Giả định [C]
A46: C_dc | B46: Điện dung tụ DC-link (mô hình) | C46: C_dc | D46: 0.00022 | E46: F | F46: Chưa có trong catalogue ACS380-03A3-4 — chưa xác minh. C lớn hơn ⇒ chopper ít tác động hơn (xem KT-39) | G46: Giả định [C]
A47: dU_hys | B47: Độ trễ đóng/cắt chopper | C47: ΔU_hys | D47: 20 | E47: V | F47: Chopper ON tại U_chop, OFF tại U_chop − ΔU_hys | G47: Giả định [C]
A48: Ts_sim | B48: Bước giải cố định Simulink | C48: T_s | D48: 5e-05 | E48: s | F48: ≤ 1e-4 s; Ts_I = 250 µs và Ts_w = 1 ms là bội nguyên (KT-40) | G48: DVP v1.2 §3.4; ICD §4
A49: enc_mod | B49: Mô hình đo tốc độ trong mô phỏng | C49: enc_model | D49: 0 | E49: - | F49: 0 = tốc độ lý tưởng + lọc T_fω (mặc định); 1 = lượng tử 4·N_enc sườn / Ts_w (chỉ khảo sát nhiễu: Δω·K_p,ω ≈ 1.1 A dao động i_sq) | G49: Giả định [C]
A50: t_mag | B50: Thời gian từ hóa trước khi nhả phanh | C50: t_mag | D50: 0.5 | E50: s | F50: ≥ 3T_r | G50: SDD §5.1 [C]
A51: t_test | B51: Thời gian thử mô-men giữ (phanh còn kẹp) | C51: t_test | D51: 0.2 | E51: s | F51: Tăng dốc 0.05 s, giữ 0.1 s, giảm dốc 0.05 s | G51: SDD §5.1 [C]
A52: t_open | B52: Thời gian chờ nhả phanh | C52: t_open | D52: 0.1 | E52: s | F52: Chưa xác minh BE1 | G52: SDD §5.1 [C]
A53: t_hx | B53: Thời gian ĐC giữ ω* = 0 thêm sau khi phanh kẹp | C53: t_hx | D53: 0.05 | E53: s | F53: S6 kéo dài t_close + t_hx | G53: SDD §5.1 [C]
A54: t_cmd | B54: Thời điểm nhấn lệnh chạy (tính từ READY) | C54: t_cmd | D54: 0.5 | E54: s | F54: Kịch bản rút gọn TS-01/TS-02 | G54: Giả định [C]
A55: T_run | B55: Thời gian chạy đều mỗi hành trình (rút gọn) | C55: T_run | D55: 10 | E55: s | F55: ≥ T_p để thấy dao động lắc khi chạy đều; thay cho 119 s của chu trình nhiệt (khối F vẫn dùng cho k_dt) | G55: Giả định [C]
... A58: mech_mod | B58: Mô hình cơ khí trong mô phỏng | C58: mech_model | D58: 0 | E58: - | F58: 0 = 2 khối lượng (mặc định, DV-01..07); 1 = khối cứng như Excel (tải gắn cứng, bỏ F_lắc) — chạy thêm cho DV-04 vì với 2 khối năng lượng hãm mỗi lần dừng chỉ ≈ 0–28 J, tùy pha lắc | G58: Giả định [C]
A59: Bổ sung v1.4 (27/10/2026) — số catalogue đã có trong mô tả R_h, tách thành ô nhập để kiểm tra KT-42
A60: P_Rh | B60: Công suất định mức điện trở hãm (40 °C) | C60: P_Rh | D60: 200 | E60: W | F60: Danotherm CBH 360 C T 406 210R: 200 W @40 °C (cùng nguồn với ô D42) | G60: [W-09]

Sheet Catalogue
A1: Mã | B1: Thông số | C1: Ký hiệu | D1: Ứng viên 1 | E1: Ứng viên 2 | F1: Đang chọn | G1: Đơn vị | H1: Nguồn (trang/bảng)
A2: Động cơ SEW DRN.. IE3, 400 V, 50 Hz, 4 cực, S1
A3: mot_name | B3: Mã động cơ | D3: DRN80M4 | E3: DRN90S4 | F3: =INDEX(D3:E3,1,GiaDinh_K3!$D$38) -> DRN80M4 | G3: - | H3: [W-01] tr.866
A4: P_N | B4: Công suất định mức (S1) | C4: P_N | D4: 0.75 | E4: 1.1 | F4: =INDEX(D4:E4,1,GiaDinh_K3!$D$38) -> 0.75 | G4: kW | H4: [W-01] tr.866
A5: M_N | B5: Mô-men định mức | C5: M_N | D5: 4.95 | E5: 7.2 | F5: =INDEX(D5:E5,1,GiaDinh_K3!$D$38) -> 4.95 | G5: N·m | H5: [W-01] tr.866
A6: n_N | B6: Tốc độ định mức | C6: n_N | D6: 1440 | E6: 1455 | F6: =INDEX(D6:E6,1,GiaDinh_K3!$D$38) -> 1440 | G6: vg/ph | H6: [W-01] tr.866
A7: I_N | B7: Dòng định mức (400 V) | C7: I_N | D7: 1.75 | E7: 2.55 | F7: =INDEX(D7:E7,1,GiaDinh_K3!$D$38) -> 1.75 | G7: A | H7: [W-01] tr.866
A8: cosN | B8: Hệ số công suất | C8: cosφ_N | D8: 0.74 | E8: 0.73 | F8: =INDEX(D8:E8,1,GiaDinh_K3!$D$38) -> 0.74 | G8: - | H8: [W-01] tr.866
A9: effN | B9: Hiệu suất 100% tải | C9: η_đc | D9: 0.829 | E9: 0.845 | F9: =INDEX(D9:E9,1,GiaDinh_K3!$D$38) -> 0.829 | G9: - | H9: [W-01] tr.866
A10: IA | B10: Bội số dòng khởi động | C10: I_A/I_N | D10: 6.7 | E10: 6.9 | F10: =INDEX(D10:E10,1,GiaDinh_K3!$D$38) -> 6.7 | G10: - | H10: [W-01] tr.866
A11: MA | B11: Bội số mô-men khởi động | C11: M_A/M_N | D11: 3.1 | E11: 2.7 | F11: =INDEX(D11:E11,1,GiaDinh_K3!$D$38) -> 3.1 | G11: - | H11: [W-01] tr.866
A12: lamK | B12: Bội số mô-men tới hạn | C12: λ_K = M_K/M_N | D12: 3.4 | E12: 3.3 | F12: =INDEX(D12:E12,1,GiaDinh_K3!$D$38) -> 3.4 | G12: - | H12: [W-01] tr.866
A13: MH | B13: Bội số mô-men cực tiểu (saddle) | C13: M_H/M_N | D13: 2.7 | E13: 2.1 | F13: =INDEX(D13:E13,1,GiaDinh_K3!$D$38) -> 2.7 | G13: - | H13: [W-01] tr.866
A14: J_mot | B14: Quán tính rotor | C14: J_Mot | D14: 0.00247 | E14: 0.0054 | F14: =INDEX(D14:E14,1,GiaDinh_K3!$D$38) -> 0.00247 | G14: kg·m² | H14: [W-02] tr.24 (24.7 / 54 ×10⁻⁴)
A15: J_B | B15: Quán tính rotor kèm phanh | C15: J_BMot | D15: 0.00262 | E15: 0.00587 | F15: =INDEX(D15:E15,1,GiaDinh_K3!$D$38) -> 0.00262 | G15: kg·m² | H15: [W-02] tr.24 (26.2 / 58.7 ×10⁻⁴)
A16: brake | B16: Loại phanh tiêu chuẩn | C16: BE.. | D16: BE1 | E16: BE2 | F16: =INDEX(D16:E16,1,GiaDinh_K3!$D$38) -> BE1 | G16: - | H16: [W-02] tr.24; cấp BE2 = 14/20 N·m [W-03] tr.24-25
A17: Biến tần ABB ACS380 (3 pha 400 V)
A18: inv_name | B18: Mã biến tần | D18: ACS380-04xS-03A3-4 | E18: ACS380-04xS-04A0-4 | F18: =INDEX(D18:E18,1,GiaDinh_K3!$D$38) -> ACS380-04xS-03A3-4 | G18: - | H18: [W-05] tr.12
A19: Iinv_N | B19: Dòng định mức | C19: I_N,inv | D19: 3.3 | E19: 4 | F19: =INDEX(D19:E19,1,GiaDinh_K3!$D$38) -> 3.3 | G19: A | H19: [W-05] tr.12 (đã đối chiếu ảnh trang gốc)
A20: Pinv_N | B20: Công suất danh định | C20: P_N,inv | D20: 1.1 | E20: 1.5 | F20: =INDEX(D20:E20,1,GiaDinh_K3!$D$38) -> 1.1 | G20: kW | H20: [W-05] tr.12
A21: I_Hd | B21: Dòng heavy-duty (cho phép 150% I_Hd 1 phút/10 phút) | C21: I_Hd | D21: 2.6 | E21: 3.3 | F21: =INDEX(D21:E21,1,GiaDinh_K3!$D$38) -> 2.6 | G21: A | H21: [W-05] tr.12
A22: P_Hd | B22: Công suất heavy-duty | C22: P_Hd | D22: 0.75 | E22: 1.1 | F22: =INDEX(D22:E22,1,GiaDinh_K3!$D$38) -> 0.75 | G22: kW | H22: [W-05] tr.12
A23: I_max | B23: Dòng ra cực đại (2 s khi khởi động) | C23: I_max | D23: 4.7 | E23: 5.9 | F23: =INDEX(D23:E23,1,GiaDinh_K3!$D$38) -> 4.7 | G23: A | H23: [W-05] tr.12
A24: R_min | B24: Điện trở hãm tối thiểu | C24: R_min | D24: 99 | E24: 99 | F24: =INDEX(D24:E24,1,GiaDinh_K3!$D$38) -> 99 | G24: Ω | H24: [W-05] tr.24
A25: R_max | B25: Điện trở hãm tối đa cho P_BRcont | C25: R_max | D25: 428 | E25: 285 | F25: =INDEX(D25:E25,1,GiaDinh_K3!$D$38) -> 428 | G25: Ω | H25: [W-05] tr.24
A26: PBRc | B26: Công suất hãm liên tục | C26: P_BRcont | D26: 0.75 | E26: 1.1 | F26: =INDEX(D26:E26,1,GiaDinh_K3!$D$38) -> 0.75 | G26: kW | H26: [W-05] tr.24
A27: PBRm | B27: Công suất hãm cực đại (xung ≤ 1 phút/10 phút) | C27: P_BRmax | D27: 1.13 | E27: 1.65 | F27: =INDEX(D27:E27,1,GiaDinh_K3!$D$38) -> 1.13 | G27: kW | H27: [W-05] tr.24
A28: trise | B28: Thời gian tăng mô-men (bước định mức) | C28: t_rise,cat | D28: 0.01 | E28: 0.01 | F28: =INDEX(D28:E28,1,GiaDinh_K3!$D$38) -> 0.01 | G28: s | H28: [W-05] tr.10: '< 10 ms'

Sheet Tính chọn
A1: Mã | B1: Đại lượng | C1: Ký hiệu | D1: Giá trị | E1: Đơn vị | F1: Công thức / Ghi chú | G1: Nguồn công thức
A2: A. Động học & phụ tải tĩnh — [R1 §2.4.7.2.2 qua Baseline], Bài 3 (Tải của TĐĐ) slide 4
A3: w_bx | B3: Tốc độ góc trục bánh xe | C3: ω_bx | D3: =2*Params!$C$10/Params!$C$13 -> 0.96 | E3: rad/s | F3: 2·v_max/D_bx | G3: WORKFLOW §4.2-A2
A4: n_bx | B4: Tốc độ quay bánh xe | C4: n_bx | D4: =$D$3*60/(2*PI()) -> 9.1673247 | E4: vg/ph | F4: 60·ω_bx/2π | G4: WORKFLOW §4.2-A2
A5: Fc_chk | B5: Lực cản tĩnh đầy tải (tính lại) | C5: F_c.đầy | D5: =Params!$C$5*Params!$C$19*Params!$C$14 -> 2096.0046 | E5: N | F5: M_Σ·g·w_0 (phải = P-20) | G5: WORKFLOW §4.2-A3
A6: Fc0 | B6: Lực cản tĩnh không tải | C6: F_c.không | D6: =Params!$C$6*Params!$C$19*Params!$C$14 -> 297.5373 | E6: N | F6: m_tĩnh·g·w_0 | G6: WORKFLOW §4.2-A3
A7: P_t | B7: Công suất cản tĩnh trên trục ĐC | C7: P_tĩnh | D7: =Params!$C$21*Params!$C$10/Params!$C$16 -> 279.46728 | E7: W | F7: F_c·v/η | G7: WORKFLOW §4.2-A4
A8: B. Động lực học, lực kéo cực đại & bám ray — Bài 4 slide 43; WORKFLOW §4.2-B
A9: Fqt | B9: Lực quán tính cực đại (a_max) | C9: F_qt | D9: =Params!$C$5*Params!$C$11 -> 7122 | E9: N | F9: M_Σ·a_max | G9: WORKFLOW §4.2-B1
A10: Fmax | B10: Lực kéo cực đại khi tăng tốc | C10: F_max | D10: =Params!$C$21+$D$9 -> 9218.0046 | E10: N | F10: F_c + F_qt (Downstream #6) | G10: WORKFLOW §4.2-B1
A11: Pmax | B11: Công suất đỉnh | C11: P_max | D11: =$D$10*Params!$C$10/Params!$C$16 -> 1229.0673 | E11: W | F11: F_max·v/η | G11: WORKFLOW §4.2-B2
A12: Fbam | B12: Lực bám bánh dẫn đầy tải | C12: F_bám | D12: =Params!$C$15*GiaDinh_K3!$D$9*Params!$C$5*Params!$C$19 -> 13973.364 | E12: N | F12: φ·k_dẫn·M_Σ·g | G12: WORKFLOW §4.2-B3
A13: kbam | B13: Hệ số an toàn bám đầy tải | C13: k_bám | D13: =$D$12/$D$10 -> 1.5158773 | E13: - | F13: F_bám/F_max | G13: WORKFLOW §4.2-B3
A14: Fbam0 | B14: Lực bám bánh dẫn không tải | C14: F_bám,0 | D14: =Params!$C$15*GiaDinh_K3!$D$9*Params!$C$6*Params!$C$19 -> 1983.582 | E14: N | F14: φ·k_dẫn·m_tĩnh·g | G14: WORKFLOW §4.2-B3
A15: Fmax0 | B15: Lực kéo cực đại không tải | C15: F_max,0 | D15: =$D$6+Params!$C$6*Params!$C$11 -> 1308.5373 | E15: N | F15: F_c,0 + m_tĩnh·a_max | G15: WORKFLOW §4.2-B3
A16: kbam0 | B16: Hệ số an toàn bám không tải | C16: k_bám,0 | D16: =$D$14/$D$15 -> 1.5158773 | E16: - | G16: WORKFLOW §4.2-B3
A17: C. Quy đổi về trục động cơ — Bài 3 slide 4-5; WORKFLOW §4.2-B4
A18: wN | B18: Tốc độ góc định mức ĐC | C18: ω_N | D18: =Catalogue!$F$6*2*PI()/60 -> 150.79645 | E18: rad/s | F18: n_N·2π/60 | G18: [W-01]
A19: i_yc | B19: Tỷ số truyền yêu cầu | C19: i_yc | D19: =$D$18/$D$3 -> 157.07963 | E19: - | F19: ω_N/ω_bx (để v = v_max ở 50 Hz) | G19: Bài 3 slide 4
A20: i_tt | B20: Tỷ số truyền dùng tính toán | C20: i_thực | D20: =IF(ISBLANK(GiaDinh_K3!$D$39),$D$19,GiaDinh_K3!$D$39) -> 155.34 | E20: - | F20: Bằng i_thực nhập; nếu trống dùng i_yc (TBD) | G20: SRS-D03
A21: dv_i | B21: Sai lệch v ở 50 Hz nếu dùng i_thực | C21: Δv/v | D21: =$D$19/$D$20-1 -> 0.011198871 | E21: - | F21: Biến tần bù bằng tần số; ghi nhận | G21: SRS-PERM-02
A22: dv_150 | B22: Sai lệch v ở 50 Hz nếu dùng i = 150 (P-16) | C22: Δv/v (i=150) | D22: =$D$19/Params!$C$17-1 -> 0.047197551 | E22: - | F22: So với SRS-PERM-02 ±5% (biến tần bù được) | G22: P-16
A23: k_qd | B23: Hệ số quy đổi tịnh tiến–quay | C23: k_qđ | D23: =Params!$C$13/(2*$D$20) -> 0.00080468649 | E23: m/rad | F23: D_bx/(2·i) | G23: WORKFLOW §4.2-B4
A24: eps_s | B24: Gia tốc góc ĐC ứng với a* | C24: ε* | D24: =GiaDinh_K3!$D$11/$D$23 -> 559.224 | E24: rad/s² | F24: a*/k_qđ | G24: Bài 3
A25: Mc | B25: Mô-men cản kéo đầy tải | C25: M_c,kéo | D25: =Params!$C$21*$D$23/Params!$C$16 -> 1.8740295 | E25: N·m | F25: F_c·D/(2iη) (góc I, III) | G25: WORKFLOW §4.2-B4
A26: Mc0 | B26: Mô-men cản kéo không tải | C26: M_c,kéo,0 | D26: =$D$6*$D$23/Params!$C$16 -> 0.26602694 | E26: N·m | G26: WORKFLOW §4.2-B4
A27: Mch | B27: Mô-men cản khi hãm đầy tải | C27: M_c,hãm | D27: =Params!$C$21*$D$23*Params!$C$16 -> 1.5179639 | E27: N·m | F27: F_c·D·η/(2i) (góc II, IV) | G27: WORKFLOW §4.2-B4
A28: Jl | B28: Quán tính tải quy đổi đầy tải | C28: J_tải | D28: =GiaDinh_K3!$D$8*Params!$C$5*$D$23^2 -> 0.010606772 | E28: kg·m² | F28: δ·M_Σ·k_qđ² | G28: WORKFLOW §4.2-B4
A29: Jl0 | B29: Quán tính tải quy đổi không tải | C29: J_tải,0 | D29: =GiaDinh_K3!$D$8*Params!$C$6*$D$23^2 -> 0.0015056791 | E29: kg·m² | F29: δ·m_tĩnh·k_qđ² | G29: WORKFLOW §4.2-B4
A30: JS | B30: Quán tính tổng đầy tải | C30: J_Σ | D30: =Catalogue!$F$15+$D$28 -> 0.013226772 | E30: kg·m² | F30: J_BMot + J_tải | G30: WORKFLOW §4.2-B4
A31: JS0 | B31: Quán tính tổng không tải | C31: J_Σ,0 | D31: =Catalogue!$F$15+$D$29 -> 0.0041256791 | E31: kg·m² | G31: WORKFLOW §4.2-B4
A32: D. Mô-men cực đại & kiểm tra quá tải (λ) — WORKFLOW §4.2-C2; Bài 4 slide 12
A33: Mpk | B33: Mô-men ĐC cực đại khi tăng tốc đầy tải với a_max | C33: M_max | D33: =(Params!$C$21+GiaDinh_K3!$D$8*Params!$C$5*Params!$C$11)*$D$23/Params!$C$16+Catalogue!$F$15*Params!$C$11/$D$23 -> 10.824908 | E33: N·m | F33: (F_c+δM_Σa_max)k/η + J_B·a_max/k | G33: WORKFLOW §4.2-B4, C2
A34: Mpk0 | B34: Mô-men ĐC cực đại không tải với a_max | C34: M_max,0 | D34: =($D$6+GiaDinh_K3!$D$8*Params!$C$6*Params!$C$11)*$D$23/Params!$C$16+Catalogue!$F$15*Params!$C$11/$D$23 -> 2.933511 | E34: N·m | G34: WORKFLOW §4.2-B4
A35: lam_req | B35: Bội số mô-men yêu cầu | C35: M_max/M_N | D35: =$D$33/Catalogue!$F$5 -> 2.1868501 | E35: - | G35: WORKFLOW §4.2-C2
A36: lam_avl | B36: Bội số khả dụng khi sụt áp -10% (quy về U_N động cơ) | C36: λ_K·(U_min/U_N)² | D36: =Catalogue!$F$12*(Params!$C$20*(1-GiaDinh_K3!$D$5)/GiaDinh_K3!$D$29)^2 -> 2.485485 | E36: - | F36: M_K ∝ U²; U_min = 342 V so với U_N = 400 V (Checker K6-2) | G36: WORKFLOW §4.2-C2
A37: Fk_cap | B37: Lực kéo tối đa ĐC tạo được ở -10% áp (trừ quán tính rotor ở a_max) | C37: F_k,max | D37: =($D$36*Catalogue!$F$5-Catalogue!$F$15*Params!$C$11/$D$23)*Params!$C$16/$D$23 -> 11939.642 | E37: N | F37: Dùng để kiểm Downstream #6 | G37: Tự dẫn
A38: E. Quỹ đạo S-curve 7 đoạn — [R9-11] Tho et al. 2020; WORKFLOW §4.2-D1
A39: Tj | B39: Thời gian tăng/giảm độ giật | C39: T_j | D39: =GiaDinh_K3!$D$11/GiaDinh_K3!$D$12 -> 0.25 | E39: s | F39: a*/ρ* | G39: WORKFLOW §4.2-D1
A40: Ta | B40: Thời gian gia tốc không đổi | C40: T_a | D40: =Params!$C$10/GiaDinh_K3!$D$11-$D$39 -> 0.016666667 | E40: s | F40: v_max/a* − T_j (>0 ⇒ đủ 3 đoạn) | G40: WORKFLOW §4.2-D1
A41: tacc | B41: Thời gian tăng tốc | C41: t_acc | D41: =2*$D$39+$D$40 -> 0.51666667 | E41: s | F41: 2T_j + T_a | G41: WORKFLOW §4.2-D1
A42: sacc | B42: Quãng đường tăng tốc | C42: s_acc | D42: =Params!$C$10*$D$41/2 -> 0.031 | E42: m | F42: Đối xứng | G42: Tích phân v(t)
A43: vlim | B43: Vận tốc ngưỡng 3 đoạn | C43: a*²/ρ* | D43: =GiaDinh_K3!$D$11^2/GiaDinh_K3!$D$12 -> 0.1125 | E43: m/s | F43: Phải < v_max | G43: WORKFLOW §4.2-D1
A44: f1 | B44: Hệ số trung bình a(t)/a* | C44: f₁ | D44: =($D$39+$D$40)/$D$41 -> 0.51612903 | E44: - | F44: Cho tính M_đt | G44: Tích phân hình thang
A45: f2 | B45: Hệ số trung bình a²(t)/a*² | C45: f₂ | D45: =(2*$D$39/3+$D$40)/$D$41 -> 0.35483871 | E45: - | F45: Cho tính M_đt | G45: Tích phân hình thang
A46: th_res | B46: Góc lắc dư ước lượng (t_acc ≪ T_p) | C46: θ_dư | D46: =DEGREES(Params!$C$10*Params!$C$8/Params!$C$19) -> 0.63369277 | E46: ° | F46: v·ω_p/g (gần đúng bước vận tốc) | G46: [R9-01] mô hình con lắc
A47: th0 | B47: Góc lệch tĩnh ứng a_max | C47: θ_0 | D47: =DEGREES(ATAN(Params!$C$11/Params!$C$19)) -> 2.9177494 | E47: ° | F47: atan(a_max/g) | G47: SSoT P2 dòng 38
A48: F. Chu trình S3-40% & phát nhiệt — Bài 4 slide 7, 10; WORKFLOW §4.2-C1
A49: t_lv | B49: Tổng thời gian đóng điện | C49: Σt_lv | D49: =GiaDinh_K3!$D$3*GiaDinh_K3!$D$4 -> 240 | E49: s | F49: CD·T_ck | G49: IEC 60034-1 [R4] tr.23
A50: t_0 | B50: Tổng thời gian nghỉ | C50: Σt_0 | D50: =GiaDinh_K3!$D$4-$D$49 -> 360 | E50: s
A51: t_trip | B51: Thời gian một hành trình | C51: t_ht | D51: =$D$49/GiaDinh_K3!$D$10 -> 120 | E51: s | G51: Giả định chu trình
A52: t_c | B52: Thời gian chạy đều mỗi hành trình | C52: t_đều | D52: =$D$51-2*$D$41 -> 118.96667 | E52: s
A53: L_trip | B53: Chiều dài hành trình suy ra | C53: L_ht | D53: =Params!$C$10*($D$52+$D$41) -> 14.338 | E53: m | F53: v·t_đều + 2·s_acc | G53: Kiểm tra hợp lý với khẩu độ cầu
A54: Mdyn | B54: Mô-men động đầy tải tại a* | C54: M_đg | D54: =GiaDinh_K3!$D$8*Params!$C$5*GiaDinh_K3!$D$11*$D$23/Params!$C$16+Catalogue!$F$15*$D$24 -> 8.0557907 | E54: N·m | F54: δM_Σa*k/η + J_B ε* | G54: Bài 4 slide 7
A55: Mdyn0 | B55: Mô-men động không tải tại a* | C55: M_đg,0 | D55: =GiaDinh_K3!$D$8*Params!$C$6*GiaDinh_K3!$D$11*$D$23/Params!$C$16+Catalogue!$F$15*$D$24 -> 2.4007356 | E55: N·m | G55: Bài 4 slide 7
A56: Sq1 | B56: Σ M²t hành trình đầy tải | C56: ΣM²t (đầy) | D56: =$D$25^2*(2*$D$41+$D$52)+2*$D$41*$D$54^2*$D$45 -> 445.23352 | E56: N²m²s | F56: Tăng tốc + đều + giảm tốc (số hạng chéo triệt tiêu) | G56: Tự dẫn từ Bài 4 slide 10
A57: Sq0 | B57: Σ M²t hành trình không tải | C57: ΣM²t (không) | D57: =$D$26^2*(2*$D$41+$D$52)+2*$D$41*$D$55^2*$D$45 -> 10.605735 | E57: N²m²s
A58: Mdt | B58: Mô-men đẳng trị nhiệt | C58: M_đt | D58: =SQRT(($D$56+$D$57)/$D$49) -> 1.3781619 | E58: N·m | F58: √(ΣM²t/Σt_lv) | G58: WORKFLOW §4.2-C1
A59: Pdt | B59: Công suất đẳng trị | C59: P_đt | D59: =$D$58*$D$18 -> 207.82192 | E59: W | F59: M_đt·ω_N | G59: WORKFLOW §4.2-C1
A60: kdt | B60: Hệ số dự trữ phát nhiệt | C60: k_dt | D60: =Catalogue!$F$4*1000/$D$59 -> 3.608859 | E60: - | F60: P_đm/P_đt (P_đm theo S1 — bảo thủ) | G60: SRS-PERM-04
A61: Pdt_S1 | B61: Công suất tương đương liên tục S1 (tham khảo) | C61: P_đt·√CD | D61: =$D$59*SQRT(GiaDinh_K3!$D$3) -> 131.43812 | E61: W | F61: Quy đổi gần đúng ε → S1 | G61: Bài giảng TĐĐ (gần đúng)
A62: Mtop1 | B62: Mô-men pha tăng tốc đầy tải (đỉnh, a*) | C62: M_kđ | D62: =$D$25+$D$54 -> 9.9298202 | E62: N·m | F62: Biểu đồ phụ tải
A63: Mtop2 | B63: Mô-men pha giảm tốc đầy tải (đỉnh, a*) | C63: M_h | D63: =$D$25-$D$54 -> -6.1817611 | E63: N·m | F63: Âm ⇒ hãm tái sinh (góc II)
A64: Mtop3 | B64: Mô-men pha tăng tốc không tải | C64: M_kđ,0 | D64: =$D$26+$D$55 -> 2.6667626 | E64: N·m
A65: Mtop4 | B65: Mô-men pha giảm tốc không tải | C65: M_h,0 | D65: =$D$26-$D$55 -> -2.1347087 | E65: N·m | F65: Góc IV (chạy Lùi)
A66: G. Dòng điện & chọn biến tần — Bài 4 slide 20
A67: phiN | B67: Góc pha định mức | C67: φ_N | D67: =ACOS(Catalogue!$F$8) -> 0.73772597 | E67: rad
A68: b_c | B68: Hệ số vòng tròn | C68: b | D68: =Catalogue!$F$12+SQRT(Catalogue!$F$12^2-1) -> 6.6496154 | E68: - | F68: r/X_k = λ_K + √(λ_K²−1) | G68: Sơ đồ vòng tròn (R_s≈0)
A69: I0 | B69: Dòng từ hóa (hiệu dụng) | C69: I_0 | D69: =Catalogue!$F$7*(SIN($D$67)-Catalogue!$F$8/$D$68) -> 0.98231391 | E69: A | F69: I_N(sinφ − cosφ/b) | G69: Sơ đồ vòng tròn
A70: IqN | B70: Thành phần dòng mô-men định mức (hiệu dụng) | C70: I_q,N | D70: =SQRT(Catalogue!$F$7^2-$D$69^2) -> 1.4482953 | E70: A
A71: Ipk | B71: Dòng đỉnh khi tăng tốc đầy tải (hiệu dụng) | C71: I_đỉnh | D71: =SQRT($D$69^2+($D$70*$D$35)^2) -> 3.3160409 | E71: A | F71: Gần đúng I_q tỷ lệ mô-men | G71: Bài 4 slide 20
A72: I_ol | B72: Dòng quá tải cho phép của biến tần | C72: 1.5·I_Hd | D72: =1.5*Catalogue!$F$21 -> 3.9 | E72: A | F72: 150% I_Hd trong 1 phút/10 phút | G72: [W-05] tr.12
A73: H. Hãm tái sinh, Chopper & R_h — Bài 2.3 slide 56-59; WORKFLOW §4.2-C4
A74: Fh | B74: Lực hãm cực đại (a_max, đầy tải) | C74: F_hãm,max | D74: =Params!$C$5*Params!$C$11-Params!$C$21 -> 5025.9954 | E74: N | F74: M_Σ·a_max − F_c | G74: WORKFLOW §4.2-C4
A75: P_dc | B75: Công suất hãm đỉnh về DC-link | C75: P_dc,hãm | D75: =$D$74*Params!$C$10*Params!$C$16*Catalogue!$F$9*GiaDinh_K3!$D$13 -> 436.4878 | E75: W | F75: F_h·v·η·η_đc·η_inv | G75: WORKFLOW §4.2-C4
A76: R_up | B76: Cận trên R_h theo công suất | C76: U_chop²/P | D76: =GiaDinh_K3!$D$14^2/$D$75 -> 1122.5972 | E76: Ω | G76: WORKFLOW §4.2-C4
A77: R_hi | B77: Cận trên R_h hiệu dụng | C77: R_h,max | D77: =MIN($D$76,Catalogue!$F$25) -> 428 | E77: Ω | F77: min(U²/P, R_max biến tần) | G77: [W-05] tr.24
A78: R_lo | B78: Cận dưới R_h | C78: R_h,min | D78: =Catalogue!$F$24 -> 99 | E78: Ω | F78: R_min chopper (thay U/I_chop,max) | G78: [W-05] tr.24
A79: I_ch | B79: Dòng chopper khi dẫn tại U_chop | C79: I_chop | D79: =GiaDinh_K3!$D$14/GiaDinh_K3!$D$42 -> 3.3333333 | E79: A
A80: P_ch | B80: Công suất tức thời trên R_h khi chopper dẫn | C80: U²/R_h | D80: =GiaDinh_K3!$D$14^2/GiaDinh_K3!$D$42 -> 2333.3333 | E80: W | F80: Phải ≥ P_dc,hãm (đủ khả năng hấp thụ)
A81: E_kin | B81: Động năng hệ đầy tải ở v_max | C81: E_đ | D81: =0.5*GiaDinh_K3!$D$8*Params!$C$5*Params!$C$10^2+0.5*Catalogue!$F$15*$D$191^2 -> 147.07299 | E81: J | F81: ½δM_Σv² + ½J_B·ω_m² — ω_m tại v_max (D191); v1.3 dùng ω_N (sửa v1.4) | G81: Bài 2.3 slide 58
A82: E_rh | B82: Năng lượng vào R_h mỗi lần dừng đầy tải | C82: E_Rh | D82: =MAX(0,($D$81-Params!$C$21*$D$42)*Params!$C$16*Catalogue!$F$9*GiaDinh_K3!$D$13) -> 59.414888 | E82: J | F82: (E_đ − F_c·s_acc)·η·η_đc·η_inv — gần đúng (Checker K6-2, Người dùng giữ 27/10/2026): phần ½J_B·ω_m² thực ra không qua η hộp số; tách riêng thì E_Rh ≈ 61.8 J (+4%). Thiên về an toàn cho KT-39 (E_Rh > E_C); KT-42 biên ≈ 1000 lần nên không ảnh hưởng | G82: Bài 2.3 slide 58
A83: P_rh_avg | B83: Công suất trung bình trên R_h trong chu kỳ (bảo thủ: mọi lần dừng như đầy tải) | C83: P_Rh,tb | D83: =$D$82*GiaDinh_K3!$D$10/GiaDinh_K3!$D$4 -> 0.19804963 | E83: W
A84: Udc0 | B84: Điện áp DC-link không tải lớn nhất (lưới +10%) | C84: U_dc0,max | D84: =SQRT(2)*Params!$C$20*(1+GiaDinh_K3!$D$5) -> 591.14127 | E84: V | F84: Quy ước: không tải √2·U; có tải ≈ 1.35·U | G84: ICD IF-05
A85: Udc_ld | B85: Điện áp DC-link có tải, lưới danh định | C85: U_dc,tải | D85: =1.35*Params!$C$20 -> 513 | E85: V | F85: 1.35·U (chỉnh lưu cầu 6 xung) | G85: ICD IF-05
A86: I. Phanh cơ điện từ — WORKFLOW §4.2-C3; SAD RA-01
A87: M_hold | B87: Mô-men giữ thử trước khi nhả phanh | C87: M_hold | D87: =GiaDinh_K3!$D$18*Catalogue!$F$5 -> 4.95 | E87: N·m | F87: Downstream #5 | G87: SRS-D10
A88: MB_lo | B88: Mô-men phanh tối thiểu | C88: max(k_p·M_c; k_thử·M_hold) | D88: =MAX(GiaDinh_K3!$D$17*$D$25,GiaDinh_K3!$D$19*$D$87) -> 5.94 | E88: N·m | F88: Giữ xe + chịu được mô-men thử khi phanh còn kẹp | G88: WORKFLOW §4.2-C3; SDD §5
A89: MB_hi | B89: Mô-men phanh tối đa không trượt (đầy tải) | C89: M_B,max | D89: =$D$12*$D$23*Params!$C$16 -> 10.11976 | E89: N·m | F89: F_B = M_B/(kη) ≤ F_bám | G89: Tự dẫn
A90: MB_hi0 | B90: Mô-men phanh tối đa không trượt (không tải) | C90: M_B,max,0 | D90: =$D$14*$D$23*Params!$C$16 -> 1.4365455 | E90: N·m | F90: Thường < M_B,min ⇒ trượt khi phanh khẩn không tải | G90: Tự dẫn
A91: aB | B91: Gia tốc dừng bằng phanh cơ, đầy tải (kể δ và J_B) | C91: a_B | D91: =(GiaDinh_K3!$D$20/($D$23*Params!$C$16)+Params!$C$21)/(GiaDinh_K3!$D$8*Params!$C$5+Catalogue!$F$15/($D$23^2*Params!$C$16)) -> 0.56339283 | E91: m/s²
A92: aB0 | B92: Gia tốc dừng bằng phanh cơ, không tải (giới hạn bám) | C92: a_B,0 | D92: =MIN((GiaDinh_K3!$D$20/($D$23*Params!$C$16)+$D$6)/(GiaDinh_K3!$D$8*Params!$C$6+Catalogue!$F$15/($D$23^2*Params!$C$16)),($D$14+$D$6)/Params!$C$6) -> 1.12815 | E92: m/s²
A93: sB | B93: Quãng dừng khẩn từ v_max, đầy tải | C93: s_B | D93: =Params!$C$10^2/(2*$D$91)+Params!$C$10*GiaDinh_K3!$D$21 -> 0.018779715 | E93: m
A94: ds | B94: Độ trôi tối đa sau lệnh đóng phanh (ĐC đã thôi giữ) | C94: Δs_max | D94: =GiaDinh_K3!$D$31*GiaDinh_K3!$D$21*1000 -> 0.25 | E94: mm | F94: v_đóng·t_kẹp (FSM giữ mô-men đến khi kẹp ⇒ danh định 0) | G94: SRS-FUNC-02
A95: J. Tham số mạch thay thế ĐC (ước lượng từ bảng tên) — [R9-06] Shevchenko §2.3; Bài 2.3
A96: ns | B96: Tốc độ đồng bộ | C96: n_s | D96: =60*GiaDinh_K3!$D$6/GiaDinh_K3!$D$28 -> 1500 | E96: vg/ph
A97: sN | B97: Hệ số trượt định mức | C97: s_N | D97: =($D$96-Catalogue!$F$6)/$D$96 -> 0.04 | E97: -
A98: Uph | B98: Điện áp pha | C98: U_f | D98: =GiaDinh_K3!$D$29/SQRT(3) -> 230.94011 | E98: V | F98: Đấu Y
A99: ws | B99: Tần số góc nguồn | C99: ω_s | D99: =2*PI()*GiaDinh_K3!$D$6 -> 314.15927 | E99: rad/s
A100: Xm | B100: Điện kháng từ hóa | C100: X_m | D100: =$D$98/$D$69 -> 235.09807 | E100: Ω | G100: Sơ đồ Γ
...

Sheet Kiểm tra
A1: Mã KT | B1: Nội dung kiểm tra | C1: Giá trị tính | D1: Ngưỡng | E1: Kết quả | F1: Yêu cầu nguồn | G1: Ghi chú
A2: KT-01 | B2: Lực cản tĩnh tính lại khớp P-20 (sai lệch < 1 N) | C2: ='Tính chọn'!$D$5 -> 2096.0046 | D2: =Params!$C$21 -> 2096.0046 | E2: =IF(ABS(C2-D2)<1,"Đạt","Không đạt") -> Đạt | F2: P-20, K6
A3: KT-02 | B3: Hệ số bám đầy tải k_bám ≥ 1.20 | C3: ='Tính chọn'!$D$13 -> 1.5158773 | D3: 1.2 | E3: =IF(C3>=D3,"Đạt","Không đạt") -> Đạt | F3: SRS-PERM-01
A4: KT-03 | B4: Hệ số bám không tải k_bám,0 ≥ 1.20 | C4: ='Tính chọn'!$D$16 -> 1.5158773 | D4: 1.2 | E4: =IF(C4>=D4,"Đạt","Không đạt") -> Đạt | F4: SRS-PERM-01
A5: KT-04 | B5: Bội số mô-men catalogue λ_K ≥ 2.0 | C5: =Catalogue!$F$12 -> 3.4 | D5: 2 | E5: =IF(C5>=D5,"Đạt","Không đạt") -> Đạt | F5: Downstream #7 | G5: [W-01]
A6: KT-05 | B6: Quá tải ở sụt áp -10%: λ_K·(342/400)² ≥ M_max/M_N | C6: ='Tính chọn'!$D$36 -> 2.485485 | D6: ='Tính chọn'!$D$35 -> 2.1868501 | E6: =IF(C6>=D6,"Đạt","Không đạt") -> Đạt | F6: Downstream #7, SRS-PERM-01
A7: KT-06 | B7: Lực kéo ĐC tạo được ≥ F_max = 9,218 N (dải 9.25 ± 0.45 kN) | C7: ='Tính chọn'!$D$37 -> 11939.642 | D7: ='Tính chọn'!$D$10 -> 9218.0046 | E7: =IF(C7>=D7,"Đạt","Không đạt") -> Đạt | F7: Downstream #6
A8: KT-07 | B8: k_dt ≥ 1.20 (SRS Baseline A.1 — có hiệu lực 24/10/2026) | C8: ='Tính chọn'!$D$60 -> 3.608859 | D8: 1.2 | E8: =IF(C8>=D8,"Đạt","Không đạt") -> Đạt | F8: SRS-PERM-04 (A.1)
A9: KT-08 | B9: k_dt ≤ 1.50 (cận trên SRS v1.2 — đã bỏ trong SRS Baseline A.1, ký 24/10/2026) | C9: ='Tính chọn'!$D$60 -> 3.608859 | D9: 1.5 | E9: ="Không áp dụng (SRS A.1 có hiệu lực, CR-01)" -> Không áp dụng (SRS A.1 có hiệu lực, CR-01) | F9: SRS-PERM-04 (v1.2 → A.1) | G9: Giữ để truy vết xung đột QĐ-02
A10: KT-09 | B10: P_đm ≤ min(2.2 kW; 1.5·P_max) — QCD-C01, cách hiểu QĐ-08 (so với P_max) | C10: =Catalogue!$F$4 -> 0.75 | D10: =MIN(2.2,1.5*'Tính chọn'!$D$11/1000) -> 1.8436009 | E10: =IF(C10<=D10,"Đạt","Không đạt") -> Đạt | F10: SOW QCD-C01 (QĐ-08) | G10: Trần = MIN(2.2; 1.5·P_max/1000)
A11: KT-10 | B11: Biến tần: I_Hd ≥ I_N động cơ | C11: =Catalogue!$F$21 -> 2.6 | D11: =Catalogue!$F$7 -> 1.75 | E11: =IF(C11>=D11,"Đạt","Không đạt") -> Đạt | F11: SRS-PERM-04
A12: KT-11 | B12: Biến tần: 1.5·I_Hd ≥ I_đỉnh tăng tốc | C12: ='Tính chọn'!$D$72 -> 3.9 | D12: ='Tính chọn'!$D$71 -> 3.3160409 | E12: =IF(C12>=D12,"Đạt","Không đạt") -> Đạt | F12: SRS-PERM-01
A13: KT-12 | B13: Biến tần: I_max ≥ I_đỉnh | C13: =Catalogue!$F$23 -> 4.7 | D13: ='Tính chọn'!$D$71 -> 3.3160409 | E13: =IF(C13>=D13,"Đạt","Không đạt") -> Đạt | F13: SRS-PERM-01
A14: KT-13 | B14: R_h ≥ R_min chopper | C14: =GiaDinh_K3!$D$42 -> 210 | D14: ='Tính chọn'!$D$78 -> 99 | E14: =IF(C14>=D14,"Đạt","Không đạt") -> Đạt | F14: SRS-FUNC-04
A15: KT-14 | B15: R_h ≤ min(U_chop²/P_hãm; R_max) | C15: =GiaDinh_K3!$D$42 -> 210 | D15: ='Tính chọn'!$D$77 -> 428 | E15: =IF(C15<=D15,"Đạt","Không đạt") -> Đạt | F15: SRS-FUNC-04, Downstream #3
A16: KT-15 | B16: P_BRmax biến tần ≥ P_hãm đỉnh | C16: =Catalogue!$F$27 -> 1.13 | D16: ='Tính chọn'!$D$75/1000 -> 0.4364878 | E16: =IF(C16>=D16,"Đạt","Không đạt") -> Đạt | F16: SRS-FUNC-04 | G16: đơn vị kW
A17: KT-16 | B17: U_dc không tải (lưới +10%) < ngưỡng chopper dưới (U_chop − 20 V) | C17: ='Tính chọn'!$D$84 -> 591.14127 | D17: =GiaDinh_K3!$D$14-20 -> 680 | E17: =IF(C17<D17,"Đạt","Không đạt") -> Đạt | F17: Downstream #3 | G17: Chopper không băm khi đứng yên
A18: KT-17 | B18: Ngưỡng chopper < U_dc,max < ngưỡng trip | C18: =GiaDinh_K3!$D$15 -> 780 | D18: =GiaDinh_K3!$D$16 -> 800 | E18: =IF(AND(GiaDinh_K3!$D$14<C18,C18<D18),"Đạt","Không đạt") -> Đạt | F18: Downstream #3 | G18: Kiểm chứng U_dc(t) ở DV-04 (S)
A19: KT-18 | B19: S-curve: a* ≤ a_max | C19: =GiaDinh_K3!$D$11 -> 0.45 | D19: =Params!$C$11 -> 0.5 | E19: =IF(C19<=D19,"Đạt","Không đạt") -> Đạt | F19: SRS-FUNC-03
A20: KT-19 | B20: S-curve: ρ* ≤ ρ_max | C20: =GiaDinh_K3!$D$12 -> 1.8 | D20: =Params!$C$12 -> 2 | E20: =IF(C20<=D20,"Đạt","Không đạt") -> Đạt | F20: SRS-FUNC-03
A21: KT-20 | B21: S-curve đủ 3 đoạn: a*²/ρ* < v_max | C21: ='Tính chọn'!$D$43 -> 0.1125 | D21: =Params!$C$10 -> 0.12 | E21: =IF(C21<D21,"Đạt","Không đạt") -> Đạt | F21: SRS-FUNC-03
A22: KT-21 | B22: Góc lắc dư ≤ θ_0 = 2.92° | C22: ='Tính chọn'!$D$46 -> 0.63369277 | D22: ='Tính chọn'!$D$47 -> 2.9177494 | E22: =IF(C22<=D22,"Đạt","Không đạt") -> Đạt | F22: SRS-PERM-03 (tham khảo) | G22: Ước lượng; kiểm chứng S ở DV-07
A23: KT-22 | B23: Δt_torque (MO) ≤ 10 ms | C23: ='Tính chọn'!$D$131 -> 0.0017625 | D23: 0.01 | E23: =IF(C23<=D23,"Đạt","Không đạt") -> Đạt | F23: Downstream #4 | G23: Catalogue ACS380 < 10 ms [W-05]
A24: KT-23 | B24: PM vòng tốc độ đầy tải ≥ PM_min | C24: ='Tính chọn'!$D$152 -> 34.648492 | D24: =GiaDinh_K3!$D$36 -> 30 | E24: =IF(C24>=D24,"Đạt","Không đạt") -> Đạt | F24: Downstream #1 (gián tiếp) | G24: M_p kiểm chứng S ở DV-06
A25: KT-24 | B25: PM vòng tốc độ không tải ≥ PM_min | C25: ='Tính chọn'!$D$166 -> 34.648492 | D25: =GiaDinh_K3!$D$36 -> 30 | E25: =IF(C25>=D25,"Đạt","Không đạt") -> Đạt | F25: Downstream #1 (gián tiếp)
A26: KT-25 | B26: Phân giải encoder Δv ≤ ngưỡng cấm đảo chiều 0.002 m/s | C26: ='Tính chọn'!$D$170 -> 0.0012343736 | D26: =GiaDinh_K3!$D$32 -> 0.002 | E26: =IF(C26<=D26,"Đạt","Không đạt") -> Đạt | F26: Downstream #5
A27: KT-26 | B27: Tốc độ bò trong [0.030; 0.036] m/s | C27: ='Tính chọn'!$D$172 -> 0.033 | D27: =0.3*Params!$C$10 -> 0.036 | E27: =IF(AND(C27>=0.25*Params!$C$10-0.000000001,C27<=0.3*Params!$C$10+0.000000001),"Đạt","Không đạt") -> Đạt | F27: Downstream #8
A28: KT-27 | B28: M_B ≥ max(k_p·M_c; 1.2·M_hold) (giữ xe & chịu mô-men thử) | C28: =GiaDinh_K3!$D$20 -> 7 | D28: ='Tính chọn'!$D$88 -> 5.94 | E28: =IF(C28>=D28,"Đạt","Không đạt") -> Đạt | F28: SRS-FUNC-02 | G28: [R1] qua Baseline
A29: KT-28 | B29: M_B ≤ giới hạn không trượt đầy tải | C29: =GiaDinh_K3!$D$20 -> 7 | D29: ='Tính chọn'!$D$89 -> 10.11976 | E29: =IF(C29<=D29,"Đạt","Không đạt") -> Đạt | F29: SRS-PERM-01
A30: KT-29 | B30: M_B ≤ giới hạn không trượt không tải (chỉ khi phanh khẩn lúc đang chạy) | C30: =GiaDinh_K3!$D$20 -> 7 | D30: ='Tính chọn'!$D$90 -> 1.4365455 | E30: ="Không áp dụng (QĐ-07: vận hành lý tưởng, không dừng khẩn/mất điện)" -> Không áp dụng (QĐ-07: vận hành lý tưởng, không dừng khẩn/mất điện) | F30: SRS-FUNC-02 | G30: DFMEA FM-07 — Không áp dụng
A31: KT-30 | B31: Độ trôi danh nghĩa Δs ≤ 10 mm | C31: ='Tính chọn'!$D$94 -> 0.25 | D31: 10 | E31: =IF(C31<=D31,"Đạt","Không đạt") -> Đạt | F31: SRS-FUNC-02 | G31: Kiểm chứng S ở DV-02
A32: KT-31 | B32: Vận tốc định mức: |Δv/v| khi dùng i_thực ≤ 5% (hoặc biến tần bù tần số) | C32: ='Tính chọn'!$D$21 -> 0.011198871 | D32: 0.05 | E32: =IF(ISBLANK(GiaDinh_K3!$D$39),"TBD (chưa có i_thực)",IF(ABS(C32)<=D32,"Đạt","Không đạt — bù bằng tần số")) -> Đạt | F32: SRS-PERM-02
A33: KT-33 | B33: Hộp số R87: mô-men ra đỉnh (F_c + δ·M_Σ·a_max)·D/2 ≤ M_a,max | C33: =(Params!$C$21+GiaDinh_K3!$D$8*Params!$C$5*Params!$C$11)*Params!$C$13/2 -> 1285.7881 | D33: =GiaDinh_K3!$D$40 -> 1550 | E33: =IF(C33<=D33,"Đạt","Không đạt") -> Đạt | F33: SRS-PERM-01 | G33: [W-06]
A34: KT-32 | B34: Kết quả mô phỏng DV-01..07 | E34: ="TBD — Report: chưa chạy" -> TBD — Report: chưa chạy | F34: DVP v1.2 | G34: WORKFLOW §7.5
A35: KT-34 | B35: Mô hình 2 khối: (m_xc + m_pend)·g·w0 khớp P-20 (sai lệch < 1 N) | C35: ='Tính chọn'!$D$180 -> 2096.0046 | D35: =Params!$C$21 -> 2096.0046 | E35: =IF(ABS(C35-D35)<1,"Đạt","Không đạt") -> Đạt | F35: P-20, K6 | G35: Trọng lượng tải vẫn đè lên bánh
A36: KT-35 | B36: Cộng hưởng xe–tải ω_r ≪ tần số cắt vòng tốc độ (ω_c/ω_r ≥ 10) | C36: ='Tính chọn'!$D$153/'Tính chọn'!$D$183 -> 131.10479 | D36: 10 | E36: =IF(C36>=D36,"Đạt","Không đạt") -> Đạt | F36: SRS-PERM-02 | G36: Vòng tốc độ chỉ thấy J_rig
A37: KT-36 | B37: κ_2m nằm trong [κ_đầy; κ_không] đã kiểm ở KT-23/24 ⇒ PM ≥ 34.6° | C37: ='Tính chọn'!$D$189 -> 1.4291102 | D37: ='Tính chọn'!$D$139 -> 1.7905201 | E37: =IF(AND(C37>='Tính chọn'!$D$138,C37<=D37),"Đạt","Không đạt") -> Đạt | F37: Downstream #1 (gián tiếp) | G37: PM của SO nhỏ nhất ở hai biên κ
A38: KT-37 | B38: Giảm từ thông (lưới −10%): i_sq cần ≤ i_sq,lim | C38: ='Tính chọn'!$D$206 -> 2.9832882 | D38: ='Tính chọn'!$D$125 -> 3.5244363 | E38: =IF(C38<=D38,"Đạt","Không đạt") -> Đạt | F38: SRS-PERM-01, IF-04 | G38: Bảo thủ (khối cứng)
A39: KT-38 | B39: Giảm từ thông (lưới −10%): dòng stator hiệu dụng ≤ 1.5·I_Hd | C39: ='Tính chọn'!$D$208 -> 2.2524651 | D39: ='Tính chọn'!$D$72 -> 3.9 | E39: =IF(C39<=D39,"Đạt","Không đạt") -> Đạt | F39: SRS-PERM-04 | G39: [W-05] tr.12
A40: KT-39 | B40: DC-link: với mô hình khối cứng (mech_model = 1), chopper tác động khi dừng đầy tải (E_Rh > E_C) ⇒ DV-04 quan sát được | C40: ='Tính chọn'!$D$82 -> 59.414888 | D40: ='Tính chọn'!$D$213 -> 15.46072 | E40: =IF(C40>D40,"Đạt","Không đạt") -> Đạt | F40: SRS-FUNC-04 | G40: Phụ thuộc C_dc [C] chưa xác minh; mô hình 2 khối cho E ≈ 0–28 J nên có thể không đóng chopper
A41: KT-40 | B41: Bước giải T_s ≤ 1e-4 s; Ts_I và Ts_w là bội nguyên của T_s | C41: =GiaDinh_K3!$D$48 -> 5e-05 | D41: 0.0001 | E41: =IF(AND(C41<=D41,ABS('Tính chọn'!$D$216-ROUND('Tính chọn'!$D$216,0))<0.000000001,ABS('Tính chọn'!$D$217-ROUND('Tính chọn'!$D$217,0))<0.000000001),"Đạt","Không đạt") -> Đạt | F41: DVP v1.2 §3.4
A42: KT-41 | B42: Kịch bản rút gọn: T_run ≥ T_p (thấy ≥ 1 chu kỳ lắc khi chạy đều) | C42: =GiaDinh_K3!$D$55 -> 10 | D42: =Params!$C$9 -> 6.9492188 | E42: =IF(C42>=D42,"Đạt","Không đạt") -> Đạt | F42: SRS-PERM-03 (DV-07)
A43: KT-42 | B43: Công suất định mức R_h ≥ công suất trung bình chu kỳ (W) | C43: =GiaDinh_K3!$D$60 -> 200 | D43: ='Tính chọn'!$D$83 -> 0.19804963 | E43: =IF(C43>=D43,"Đạt","Không đạt") -> Đạt | F43: SRS-FUNC-04 | G43: [W-09]; bổ sung v1.4 (góp ý đồng nghiệp). Xung cho phép [W-09]: 2.6 kW trong 10 s mỗi 120 s ≈ 26 kJ ≫ E_Rh ≈ 59 J (Tính chọn D82)
A44: KT-43 | B44: Mô-men cản chạy đều đầy tải M_c ≤ M_N (N·m) | C44: ='Tính chọn'!$D$25 -> 1.8740295 | D44: =Catalogue!$F$5 -> 4.95 | E44: =IF(C44<=D44,"Đạt","Không đạt") -> Đạt | F44: SRS-PERM-04 | G44: Phát nhiệt khi chạy đều; bổ sung v1.4 (góp ý đồng nghiệp)

Sheet Dẫn xuất
A1: Mã SRS-Dxx | B1: Ràng buộc thiết kế dẫn xuất | C1: Giá trị | D1: Đơn vị | E1: Yêu cầu cha | F1: Bước tính sinh ra (sheet/khối) | G1: Phương pháp KC | H1: DV
A2: SRS-D01 | B2: Lực kéo cực đại khi tăng tốc đầy tải; giới hạn i_sq chống trượt | C2: ='Tính chọn'!$D$10 -> 9218.0046 | D2: N | E2: SRS-PERM-01 | F2: Tính chọn B, J (isqmax) | G2: A | H2: DV-05
A3: SRS-D02 | B3: Bội số mô-men yêu cầu M_max/M_N (≤ λ_K·(342/400)²) | C3: ='Tính chọn'!$D$35 -> 2.1868501 | D3: - | E3: SRS-PERM-01, SRS-PERM-04 | F3: Tính chọn D | G3: A / I | H3: DV-08
A4: SRS-D03 | B4: Tỷ số truyền dùng cho quy đổi (i_thực; TBD → i_yc) | C4: ='Tính chọn'!$D$20 -> 155.34 | D4: - | E4: SRS-PERM-02 | F4: Tính chọn C | G4: I | H4: DV-06
A5: SRS-D04a | B5: Công suất định mức động cơ chọn | C5: =Catalogue!$F$4 -> 0.75 | D5: kW | E5: SRS-PERM-04 | F5: Catalogue + Tính chọn F | G5: A / I | H5: DV-08
A6: SRS-D04b | B6: Dòng heavy-duty biến tần chọn | C6: =Catalogue!$F$21 -> 2.6 | D6: A | E6: SRS-PERM-04 | F6: Catalogue + Tính chọn G | G6: I | H6: DV-08
A7: SRS-D05a | B7: Điện trở xả hãm R_h | C7: =GiaDinh_K3!$D$42 -> 210 | D7: Ω | E7: SRS-FUNC-04 | F7: Tính chọn H | G7: A / S | H7: DV-04
A8: SRS-D05b | B8: Công suất hãm đỉnh cần hấp thụ | C8: ='Tính chọn'!$D$75 -> 436.4878 | D8: W | E8: SRS-FUNC-04 | F8: Tính chọn H | G8: A / S | H8: DV-04
A9: SRS-D05c | B9: Ngưỡng mở chopper (mô hình) | C9: =GiaDinh_K3!$D$14 -> 700 | D9: V | E9: SRS-FUNC-04 | F9: Downstream #3 | G9: S | H9: DV-04
A10: SRS-D06a | B10: Gia tốc đặt S-curve a* | C10: =GiaDinh_K3!$D$11 -> 0.45 | D10: m/s² | E10: SRS-FUNC-03, SRS-PERM-03 | F10: Tính chọn E | G10: A / S | H10: DV-03, DV-07
A11: SRS-D06b | B11: Độ giật đặt S-curve ρ* | C11: =GiaDinh_K3!$D$12 -> 1.8 | D11: m/s³ | E11: SRS-FUNC-03, SRS-PERM-03 | F11: Tính chọn E | G11: A / S | H11: DV-03, DV-07
A12: SRS-D07a | B12: Hệ số K_p,ω PI tốc độ (SO tại J_tune) | C12: ='Tính chọn'!$D$135 -> 0.71448374 | D12: A·s/rad | E12: SRS-PERM-02 (Downstream #1) | F12: Tính chọn L | G12: S | H12: DV-06
A13: SRS-D07b | B13: Hằng số T_i,ω PI tốc độ | C13: ='Tính chọn'!$D$136 -> 0.007 | D13: s | E13: SRS-PERM-02 (Downstream #1) | F13: Tính chọn L | G13: S | H13: DV-06
A14: SRS-D08 | B14: Sai lệch xác lập e_xl (khâu I ⇒ 0) — ngưỡng | C14: =GiaDinh_K3!$D$35 -> 0.05 | D14: - | E14: SRS-PERM-02 (Downstream #2) | F14: SDD §4 | G14: S | H14: DV-06
A15: SRS-D09a | B15: Hệ số K_p,I PI dòng (MO) | C15: ='Tính chọn'!$D$128 -> 108.36367 | D15: V/A | E15: SRS-FUNC-01 (Downstream #4) | F15: Tính chọn K | G15: S | H15: DV-01
A16: SRS-D09b | B16: Hằng số T_i,I PI dòng | C16: ='Tính chọn'!$D$129 -> 0.0055500425 | D16: s | E16: SRS-FUNC-01 (Downstream #4) | F16: Tính chọn K | G16: S | H16: DV-01
A17: SRS-D10 | B17: Mô-men giữ thử (phanh còn kẹp) trước khi nhả phanh (100% M_N, trong [100; 150]%) | C17: ='Tính chọn'!$D$87 -> 4.95 | D17: N·m | E17: SRS-FUNC-02 (Downstream #5) | F17: SDD §5 (FSM) | G17: S | H17: DV-02
A18: SRS-D11a | B18: Ngưỡng đóng phanh |v| | C18: =GiaDinh_K3!$D$31 -> 0.005 | D18: m/s | E18: SRS-FUNC-02 (Downstream #5) | F18: SDD §5 | G18: S | H18: DV-02
A19: SRS-D11b | B19: Ngưỡng cấm đảo chiều |v| | C19: =GiaDinh_K3!$D$32 -> 0.002 | D19: m/s | E19: SRS-FUNC-02 (Downstream #5) | F19: SDD §5 | G19: S | H19: DV-02
A20: SRS-D12 | B20: Tốc độ bò v_creep | C20: ='Tính chọn'!$D$172 -> 0.033 | D20: m/s | E20: SRS-FUNC-03 (Downstream #8) | F20: Tính chọn N | G20: S | H20: DV-06
A21: SRS-D13 | B21: Mô-men phanh đặt M_B (cửa sổ [max(k_p M_c; 1.2 M_hold); M_B,max]) | C21: =GiaDinh_K3!$D$20 -> 7 | D21: N·m | E21: SRS-FUNC-02 | F21: Tính chọn I | G21: A / I | H21: DV-02
A22: SRS-D14 | B22: Tỷ số từ thông ψ_r*/ψ_rN tại v_max khi lưới −10% (giảm từ thông theo giới hạn điện áp) | C22: ='Tính chọn'!$D$199 -> 0.80389798 | D22: - | E22: SRS-PERM-02 | F22: Tính chọn P | G22: S | H22: DV-06
A23: SRS-D15 | B23: Tốc độ ĐC bắt đầu giảm từ thông ω_fw (lưới danh định; mô phỏng tính trực tuyến theo U_dc đo) | C23: ='Tính chọn'!$D$200 -> 133.20268 | D23: rad/s | E23: SRS-PERM-02 | F23: Tính chọn P | G23: S | H23: DV-06
A24: SRS-D05d | B24: Công suất định mức điện trở hãm P_Rh (40 °C) ≥ công suất trung bình chu kỳ; năng lượng xung cho phép [W-09] ≫ E_Rh mỗi lần dừng | C24: =GiaDinh_K3!$D$60 -> 200 | D24: W | E24: SRS-FUNC-04 | F24: GiaDinh_K3 D60; Tính chọn H (D82, D83); KT-42 | G24: I / A | H24: DV-04

Sheet Mo_phong
A1: Nhóm | B1: Tên biến (ICD v1.2 §4.1) | C1: Giá trị | D1: Đơn vị | E1: Ô nguồn | F1: Ghi chú | G1: % Dòng lệnh MATLAB (v1.4) — chép G2:G76 vào init_params.m
A2: Cơ | B2: M_full | C2: =Params!$C$5 -> 14244 | D2: kg | E2: Params!C5 | F2: Chỉ dùng cho tính lực cản F_c | G2: =B2&" = "&C2&"; % "&D2&IF(F2="",""," — "&F2) -> M_full = 14244; % kg — Chỉ dùng cho tính lực cản F_c
A3: Cơ | B3: M_empty | C3: =Params!$C$6 -> 2022 | D3: kg | E3: Params!C6 | F3: Chỉ dùng cho tính lực cản F_c,0 | G3: =B3&" = "&C3&"; % "&D3&IF(F3="",""," — "&F3) -> M_empty = 2022; % kg — Chỉ dùng cho tính lực cản F_c,0
A4: Cơ | B4: m_trolley | C4: ='Tính chọn'!$D$175 -> 1800 | D4: kg | E4: Tính chọn O | F4: Khối lượng cứng của mô hình 2 khối | G4: =B4&" = "&C4&"; % "&D4&IF(F4="",""," — "&F4) -> m_trolley = 1800; % kg — Khối lượng cứng của mô hình 2 khối
A5: Cơ | B5: m_pend_full | C5: ='Tính chọn'!$D$176 -> 12444 | D5: kg | E5: Tính chọn O | F5: Q + m_nh | G5: =B5&" = "&C5&"; % "&D5&IF(F5="",""," — "&F5) -> m_pend_full = 12444; % kg — Q + m_nh
A6: Cơ | B6: m_pend_empty | C6: ='Tính chọn'!$D$177 -> 222 | D6: kg | E6: Tính chọn O | F6: m_nh | G6: =B6&" = "&C6&"; % "&D6&IF(F6="",""," — "&F6) -> m_pend_empty = 222; % kg — m_nh
A7: Cơ | B7: D_bx | C7: =Params!$C$13 -> 0.25 | D7: m | E7: Params!C13 | G7: =B7&" = "&C7&"; % "&D7&IF(F7="",""," — "&F7) -> D_bx = 0.25; % m
A8: Cơ | B8: w0 | C8: =Params!$C$14 -> 0.015 | D8: - | E8: Params!C14 | G8: =B8&" = "&C8&"; % "&D8&IF(F8="",""," — "&F8) -> w0 = 0.015; % -
A9: Cơ | B9: phi | C9: =Params!$C$15 -> 0.2 | D9: - | E9: Params!C15 | G9: =B9&" = "&C9&"; % "&D9&IF(F9="",""," — "&F9) -> phi = 0.2; % -
A10: Cơ | B10: eta | C10: =Params!$C$16 -> 0.9 | D10: - | E10: Params!C16 | G10: =B10&" = "&C10&"; % "&D10&IF(F10="",""," — "&F10) -> eta = 0.9; % -
A11: Cơ | B11: g | C11: =Params!$C$19 -> 9.81 | D11: m/s² | E11: Params!C19 | G11: =B11&" = "&C11&"; % "&D11&IF(F11="",""," — "&F11) -> g = 9.81; % m/s²
A12: Cơ | B12: h | C12: =Params!$C$7 -> 12 | D12: m | E12: Params!C7 | G12: =B12&" = "&C12&"; % "&D12&IF(F12="",""," — "&F12) -> h = 12; % m
A13: Cơ | B13: k_qd | C13: ='Tính chọn'!$D$23 -> 0.00080468649 | D13: m/rad | E13: Tính chọn C | G13: =B13&" = "&C13&"; % "&D13&IF(F13="",""," — "&F13) -> k_qd = 0.000804686494141882; % m/rad
A14: Cơ | B14: i_gear | C14: ='Tính chọn'!$D$20 -> 155.34 | D14: - | E14: Tính chọn C | F14: SEW R87 | G14: =B14&" = "&C14&"; % "&D14&IF(F14="",""," — "&F14) -> i_gear = 155.34; % - — SEW R87
A15: Cơ | B15: delta | C15: =GiaDinh_K3!$D$8 -> 1.15 | D15: - | E15: GiaDinh_K3 | F15: Chỉ cho tính khối cứng (Excel) | G15: =B15&" = "&C15&"; % "&D15&IF(F15="",""," — "&F15) -> delta = 1.15; % - — Chỉ cho tính khối cứng (Excel)
A16: Cơ | B16: J_gear | C16: ='Tính chọn'!$D$178 -> 0.001383492 | D16: kg·m² | E16: Tính chọn O | F16: (δ−1)·M_Σ·k² | G16: =B16&" = "&C16&"; % "&D16&IF(F16="",""," — "&F16) -> J_gear = 0.00138349198804521; % kg·m² — (δ−1)·M_Σ·k²
A17: Cơ | B17: J_rig | C17: ='Tính chọn'!$D$179 -> 0.0051690286 | D17: kg·m² | E17: Tính chọn O | F17: Quán tính cứng trên trục ĐC | G17: =B17&" = "&C17&"; % "&D17&IF(F17="",""," — "&F17) -> J_rig = 0.00516902862498305; % kg·m² — Quán tính cứng trên trục ĐC
A18: Cơ | B18: zeta | C18: =GiaDinh_K3!$D$45 -> 0 | D18: - | E18: GiaDinh_K3 | G18: =B18&" = "&C18&"; % "&D18&IF(F18="",""," — "&F18) -> zeta = 0; % -
A19: Cơ | B19: mech_model | C19: =GiaDinh_K3!$D$58 -> 0 | D19: - | E19: GiaDinh_K3 | F19: 0 = 2 khối lượng; 1 = khối cứng (DV-04 bảo thủ) | G19: =B19&" = "&C19&"; % "&D19&IF(F19="",""," — "&F19) -> mech_model = 0; % - — 0 = 2 khối lượng; 1 = khối cứng (DV-04 bảo thủ)
A20: Động cơ | B20: Rs | C20: ='Tính chọn'!$D$109 -> 8.3856462 | D20: Ω | E20: Tính chọn J | G20: =B20&" = "&C20&"; % "&D20&IF(F20="",""," — "&F20) -> Rs = 8.38564617644404; % Ω
A21: Động cơ | B21: Rr | C21: ='Tính chọn'!$D$104 -> 6.9755298 | D21: Ω | E21: Tính chọn J | G21: =B21&" = "&C21&"; % "&D21&IF(F21="",""," — "&F21) -> Rr = 6.97552980999155; % Ω
A22: Động cơ | B22: Lls | C22: ='Tính chọn'!$D$111 -> 0.041738882 | D22: H | E22: Tính chọn J | G22: =B22&" = "&C22&"; % "&D22&IF(F22="",""," — "&F22) -> Lls = 0.0417388822334615; % H
A23: Động cơ | B23: Llr | C23: ='Tính chọn'!$D$112 -> 0.041738882 | D23: H | E23: Tính chọn J | G23: =B23&" = "&C23&"; % "&D23&IF(F23="",""," — "&F23) -> Llr = 0.0417388822334615; % H
A24: Động cơ | B24: Lm | C24: ='Tính chọn'!$D$110 -> 0.74834041 | D24: H | E24: Tính chọn J | G24: =B24&" = "&C24&"; % "&D24&IF(F24="",""," — "&F24) -> Lm = 0.748340406641878; % H
A25: Động cơ | B25: pp | C25: =GiaDinh_K3!$D$28 -> 2 | D25: - | E25: GiaDinh_K3 | G25: =B25&" = "&C25&"; % "&D25&IF(F25="",""," — "&F25) -> pp = 2; % -
A26: Động cơ | B26: J_Bmot | C26: =Catalogue!$F$15 -> 0.00262 | D26: kg·m² | E26: Catalogue | F26: Rotor kèm phanh | G26: =B26&" = "&C26&"; % "&D26&IF(F26="",""," — "&F26) -> J_Bmot = 0.00262; % kg·m² — Rotor kèm phanh
A27: Động cơ | B27: psi_rN | C27: ='Tính chọn'!$D$122 -> 1.0395957 | D27: Wb | E27: Tính chọn J | G27: =B27&" = "&C27&"; % "&D27&IF(F27="",""," — "&F27) -> psi_rN = 1.03959573497823; % Wb
A28: Động cơ | B28: U_N | C28: =GiaDinh_K3!$D$29 -> 400 | D28: V | E28: GiaDinh_K3 | G28: =B28&" = "&C28&"; % "&D28&IF(F28="",""," — "&F28) -> U_N = 400; % V
A29: Động cơ | B29: f_N | C29: =GiaDinh_K3!$D$6 -> 50 | D29: Hz | E29: GiaDinh_K3 | G29: =B29&" = "&C29&"; % "&D29&IF(F29="",""," — "&F29) -> f_N = 50; % Hz
A30: Biến tần | B30: U_grid | C30: =Params!$C$20 -> 380 | D30: V | E30: Params!C20 | F30: Chạy thêm U_grid·(1 ± dU_grid) | G30: =B30&" = "&C30&"; % "&D30&IF(F30="",""," — "&F30) -> U_grid = 380; % V — Chạy thêm U_grid·(1 ± dU_grid)
A31: Biến tần | B31: dU_grid | C31: =GiaDinh_K3!$D$5 -> 0.1 | D31: - | E31: GiaDinh_K3 | G31: =B31&" = "&C31&"; % "&D31&IF(F31="",""," — "&F31) -> dU_grid = 0.1; % -
A32: Biến tần | B32: f_sw | C32: =GiaDinh_K3!$D$22 -> 4000 | D32: Hz | E32: GiaDinh_K3 | F32: Chỉ để tính Ts_I (mô hình trung bình) | G32: =B32&" = "&C32&"; % "&D32&IF(F32="",""," — "&F32) -> f_sw = 4000; % Hz — Chỉ để tính Ts_I (mô hình trung bình)
A33: Biến tần | B33: k_u | C33: =GiaDinh_K3!$D$44 -> 0.95 | D33: - | E33: GiaDinh_K3 | F33: |u_s| ≤ k_u·U_dc/√3 (biên độ pha) | G33: =B33&" = "&C33&"; % "&D33&IF(F33="",""," — "&F33) -> k_u = 0.95; % - — |u_s| ≤ k_u·U_dc/√3 (biên độ pha)
A34: Biến tần | B34: C_dc | C34: =GiaDinh_K3!$D$46 -> 0.00022 | D34: F | E34: GiaDinh_K3 | F34: Chưa xác minh | G34: =B34&" = "&C34&"; % "&D34&IF(F34="",""," — "&F34) -> C_dc = 0.00022; % F — Chưa xác minh
A35: Biến tần | B35: R_src | C35: ='Tính chọn'!$D$212 -> 13.421243 | D35: Ω | E35: Tính chọn Q | G35: =B35&" = "&C35&"; % "&D35&IF(F35="",""," — "&F35) -> R_src = 13.4212426127271; % Ω
A36: Biến tần | B36: Udc_chop_on | C36: =GiaDinh_K3!$D$14 -> 700 | D36: V | E36: GiaDinh_K3 | G36: =B36&" = "&C36&"; % "&D36&IF(F36="",""," — "&F36) -> Udc_chop_on = 700; % V
A37: Biến tần | B37: Udc_chop_off | C37: ='Tính chọn'!$D$215 -> 680 | D37: V | E37: Tính chọn Q | G37: =B37&" = "&C37&"; % "&D37&IF(F37="",""," — "&F37) -> Udc_chop_off = 680; % V
A38: Biến tần | B38: Udc_max | C38: =GiaDinh_K3!$D$15 -> 780 | D38: V | E38: GiaDinh_K3 | G38: =B38&" = "&C38&"; % "&D38&IF(F38="",""," — "&F38) -> Udc_max = 780; % V
A39: Biến tần | B39: Udc_trip | C39: =GiaDinh_K3!$D$16 -> 800 | D39: V | E39: GiaDinh_K3 | G39: =B39&" = "&C39&"; % "&D39&IF(F39="",""," — "&F39) -> Udc_trip = 800; % V
A40: Biến tần | B40: Rh | C40: =GiaDinh_K3!$D$42 -> 210 | D40: Ω | E40: GiaDinh_K3 | G40: =B40&" = "&C40&"; % "&D40&IF(F40="",""," — "&F40) -> Rh = 210; % Ω
A41: Từ thông | B41: w_fw | C41: ='Tính chọn'!$D$200 -> 133.20268 | D41: rad/s | E41: Tính chọn P | F41: Lưới danh định (tham khảo; mô phỏng tính trực tuyến) | G41: =B41&" = "&C41&"; % "&D41&IF(F41="",""," — "&F41) -> w_fw = 133.202679216041; % rad/s — Lưới danh định (tham khảo; mô phỏng tính trực tuyến)
A42: Từ thông | B42: w_fw_min | C42: ='Tính chọn'!$D$201 -> 119.88241 | D42: rad/s | E42: Tính chọn P | F42: Lưới −10% | G42: =B42&" = "&C42&"; % "&D42&IF(F42="",""," — "&F42) -> w_fw_min = 119.882411294437; % rad/s — Lưới −10%
A43: S-curve | B43: a_set | C43: =GiaDinh_K3!$D$11 -> 0.45 | D43: m/s² | E43: GiaDinh_K3 | G43: =B43&" = "&C43&"; % "&D43&IF(F43="",""," — "&F43) -> a_set = 0.45; % m/s²
A44: S-curve | B44: rho_set | C44: =GiaDinh_K3!$D$12 -> 1.8 | D44: m/s³ | E44: GiaDinh_K3 | G44: =B44&" = "&C44&"; % "&D44&IF(F44="",""," — "&F44) -> rho_set = 1.8; % m/s³
A45: S-curve | B45: v_max | C45: =Params!$C$10 -> 0.12 | D45: m/s | E45: Params!C10 | G45: =B45&" = "&C45&"; % "&D45&IF(F45="",""," — "&F45) -> v_max = 0.12; % m/s
A46: S-curve | B46: v_creep | C46: ='Tính chọn'!$D$172 -> 0.033 | D46: m/s | E46: Tính chọn N | G46: =B46&" = "&C46&"; % "&D46&IF(F46="",""," — "&F46) -> v_creep = 0.033; % m/s
A47: PI | B47: Kp_i | C47: ='Tính chọn'!$D$128 -> 108.36367 | D47: V/A | E47: Tính chọn K | G47: =B47&" = "&C47&"; % "&D47&IF(F47="",""," — "&F47) -> Kp_i = 108.363669994413; % V/A
A48: PI | B48: Ti_i | C48: ='Tính chọn'!$D$129 -> 0.0055500425 | D48: s | E48: Tính chọn K | G48: =B48&" = "&C48&"; % "&D48&IF(F48="",""," — "&F48) -> Ti_i = 0.0055500424790646; % s
A49: PI | B49: Kp_w | C49: ='Tính chọn'!$D$135 -> 0.71448374 | D49: A·s/rad | E49: Tính chọn L | G49: =B49&" = "&C49&"; % "&D49&IF(F49="",""," — "&F49) -> Kp_w = 0.714483735826587; % A·s/rad
A50: PI | B50: Ti_w | C50: ='Tính chọn'!$D$136 -> 0.007 | D50: s | E50: Tính chọn L | G50: =B50&" = "&C50&"; % "&D50&IF(F50="",""," — "&F50) -> Ti_w = 0.007; % s
A51: PI | B51: T_pre | C51: ='Tính chọn'!$D$137 -> 0.007 | D51: s | E51: Tính chọn L | G51: =B51&" = "&C51&"; % "&D51&IF(F51="",""," — "&F51) -> T_pre = 0.007; % s
A52: PI | B52: isq_lim | C52: ='Tính chọn'!$D$125 -> 3.5244363 | D52: A | E52: Tính chọn J | G52: =B52&" = "&C52&"; % "&D52&IF(F52="",""," — "&F52) -> isq_lim = 3.5244363114528; % A
A53: FSM | B53: v_stop | C53: =GiaDinh_K3!$D$31 -> 0.005 | D53: m/s | E53: GiaDinh_K3 | G53: =B53&" = "&C53&"; % "&D53&IF(F53="",""," — "&F53) -> v_stop = 0.005; % m/s
A54: FSM | B54: v_rev | C54: =GiaDinh_K3!$D$32 -> 0.002 | D54: m/s | E54: GiaDinh_K3 | G54: =B54&" = "&C54&"; % "&D54&IF(F54="",""," — "&F54) -> v_rev = 0.002; % m/s
A55: FSM | B55: M_hold | C55: ='Tính chọn'!$D$87 -> 4.95 | D55: N·m | E55: Tính chọn I | G55: =B55&" = "&C55&"; % "&D55&IF(F55="",""," — "&F55) -> M_hold = 4.95; % N·m
A56: FSM | B56: t_test | C56: =GiaDinh_K3!$D$51 -> 0.2 | D56: s | E56: GiaDinh_K3 | G56: =B56&" = "&C56&"; % "&D56&IF(F56="",""," — "&F56) -> t_test = 0.2; % s
A57: FSM | B57: t_mag | C57: =GiaDinh_K3!$D$50 -> 0.5 | D57: s | E57: GiaDinh_K3 | G57: =B57&" = "&C57&"; % "&D57&IF(F57="",""," — "&F57) -> t_mag = 0.5; % s
A58: FSM | B58: t_open | C58: =GiaDinh_K3!$D$52 -> 0.1 | D58: s | E58: GiaDinh_K3 | G58: =B58&" = "&C58&"; % "&D58&IF(F58="",""," — "&F58) -> t_open = 0.1; % s
A59: FSM | B59: t_close | C59: =GiaDinh_K3!$D$21 -> 0.05 | D59: s | E59: GiaDinh_K3 | G59: =B59&" = "&C59&"; % "&D59&IF(F59="",""," — "&F59) -> t_close = 0.05; % s
A60: FSM | B60: t_hx | C60: =GiaDinh_K3!$D$53 -> 0.05 | D60: s | E60: GiaDinh_K3 | G60: =B60&" = "&C60&"; % "&D60&IF(F60="",""," — "&F60) -> t_hx = 0.05; % s
A61: FSM | B61: M_B | C61: =GiaDinh_K3!$D$20 -> 7 | D61: N·m | E61: GiaDinh_K3 | G61: =B61&" = "&C61&"; % "&D61&IF(F61="",""," — "&F61) -> M_B = 7; % N·m
A62: Đo / mô phỏng | B62: Ts_sim | C62: =GiaDinh_K3!$D$48 -> 5e-05 | D62: s | E62: GiaDinh_K3 | G62: =B62&" = "&C62&"; % "&D62&IF(F62="",""," — "&F62) -> Ts_sim = 0.00005; % s
A63: Đo / mô phỏng | B63: Ts_I | C63: =1/GiaDinh_K3!$D$22 -> 0.00025 | D63: s | E63: GiaDinh_K3 | F63: 1/f_sw | G63: =B63&" = "&C63&"; % "&D63&IF(F63="",""," — "&F63) -> Ts_I = 0.00025; % s — 1/f_sw
A64: Đo / mô phỏng | B64: Ts_w | C64: =GiaDinh_K3!$D$25 -> 0.001 | D64: s | E64: GiaDinh_K3 | G64: =B64&" = "&C64&"; % "&D64&IF(F64="",""," — "&F64) -> Ts_w = 0.001; % s
A65: Đo / mô phỏng | B65: Tf_w | C65: =GiaDinh_K3!$D$24 -> 0.001 | D65: s | E65: GiaDinh_K3 | F65: Lọc đo tốc độ | G65: =B65&" = "&C65&"; % "&D65&IF(F65="",""," — "&F65) -> Tf_w = 0.001; % s — Lọc đo tốc độ
A66: Đo / mô phỏng | B66: Tf_jerk | C66: =GiaDinh_K3!$D$34 -> 0.005 | D66: s | E66: GiaDinh_K3 | G66: =B66&" = "&C66&"; % "&D66&IF(F66="",""," — "&F66) -> Tf_jerk = 0.005; % s
A67: Đo / mô phỏng | B67: N_enc | C67: =GiaDinh_K3!$D$33 -> 1024 | D67: xung/vg | E67: GiaDinh_K3 | G67: =B67&" = "&C67&"; % "&D67&IF(F67="",""," — "&F67) -> N_enc = 1024; % xung/vg
A68: Đo / mô phỏng | B68: enc_model | C68: =GiaDinh_K3!$D$49 -> 0 | D68: - | E68: GiaDinh_K3 | F68: 0 = lý tưởng + lọc | G68: =B68&" = "&C68&"; % "&D68&IF(F68="",""," — "&F68) -> enc_model = 0; % - — 0 = lý tưởng + lọc
A69: Kịch bản | B69: t_cmd | C69: =GiaDinh_K3!$D$54 -> 0.5 | D69: s | E69: GiaDinh_K3 | G69: =B69&" = "&C69&"; % "&D69&IF(F69="",""," — "&F69) -> t_cmd = 0.5; % s
A70: Kịch bản | B70: T_run | C70: =GiaDinh_K3!$D$55 -> 10 | D70: s | E70: GiaDinh_K3 | G70: =B70&" = "&C70&"; % "&D70&IF(F70="",""," — "&F70) -> T_run = 10; % s
A71: Kịch bản | B71: T_dwell | C71: =GiaDinh_K3!$D$56 -> 10 | D71: s | E71: GiaDinh_K3 | G71: =B71&" = "&C71&"; % "&D71&IF(F71="",""," — "&F71) -> T_dwell = 10; % s
A72: Kịch bản | B72: t_unl | C72: ='Tính chọn'!$D$223 -> 22.433333 | D72: s | E72: Tính chọn R | F72: TS-01: dỡ tải | G72: =B72&" = "&C72&"; % "&D72&IF(F72="",""," — "&F72) -> t_unl = 22.4333333333333; % s — TS-01: dỡ tải
A73: Kịch bản | B73: t_cmd2 | C73: ='Tính chọn'!$D$224 -> 22.933333 | D73: s | E73: Tính chọn R | F73: TS-01: nhấn REV | G73: =B73&" = "&C73&"; % "&D73&IF(F73="",""," — "&F73) -> t_cmd2 = 22.9333333333333; % s — TS-01: nhấn REV
A74: Kịch bản | B74: T_end | C74: ='Tính chọn'!$D$227 -> 44.866667 | D74: s | E74: Tính chọn R | F74: TS-01 | G74: =B74&" = "&C74&"; % "&D74&IF(F74="",""," — "&F74) -> T_end = 44.8666666666667; % s — TS-01
A75: Kịch bản | B75: t_rev2 | C75: ='Tính chọn'!$D$230 -> 4.8166667 | D75: s | E75: Tính chọn R | F75: TS-02: nhấn REV khi đang chạy | G75: =B75&" = "&C75&"; % "&D75&IF(F75="",""," — "&F75) -> t_rev2 = 4.81666666666667; % s — TS-02: nhấn REV khi đang chạy
A76: Kịch bản | B76: T_end2 | C76: ='Tính chọn'!$D$231 -> 15.433333 | D76: s | E76: Tính chọn R | F76: TS-02 | G76: =B76&" = "&C76&"; % "&D76&IF(F76="",""," — "&F76) -> T_end2 = 15.4333333333333; % s — TS-02

Sheet WCCA
A1: Đại lượng | B1: WC-0 Danh định | C1: WC-1 Lưới −10% | D1: WC-2 w0 = 0.018 | E1: WC-3 m_xc +20% | F1: WC-4 η = 0.85 | G1: WC-5 Tổ hợp kéo | H1: WC-6 φ = 0.15 | I1: WC-7 Tổ hợp hãm | J1: Công thức / Ghi chú
A2: m_xc (kg) | B2: 1800 | C2: 1800 | D2: 1800 | E2: 2160 | F2: 1800 | G2: 2160 | H2: 1800 | I2: 1800 | J2: Biến thiên P-03 [C]
A3: w_0 (-) | B3: 0.015 | C3: 0.015 | D3: 0.018 | E3: 0.015 | F3: 0.015 | G3: 0.018 | H3: 0.015 | I3: 0.012 | J3: Dải SOW 0.012–0.018
A4: η (-) | B4: 0.9 | C4: 0.9 | D4: 0.9 | E4: 0.9 | F4: 0.85 | G4: 0.85 | H4: 0.9 | I4: 0.95 | J4: Biến thiên P-15 [C]
A5: ΔU lưới (-) | B5: 0 | C5: -0.1 | D5: 0 | E5: 0 | F5: 0 | G5: -0.1 | H5: 0 | I5: 0.1 | J5: P-19: ±10%
A6: φ (-) | B6: 0.2 | C6: 0.2 | D6: 0.2 | E6: 0.2 | F6: 0.2 | G6: 0.2 | H6: 0.15 | I6: 0.2 | J6: Độ nhạy P-14 [C]
A7: M_Σ (kg) | B7: =Params!$C$2+Params!$C$3+B2 -> 14244 | C7: =Params!$C$2+Params!$C$3+C2 -> 14244 | D7: =Params!$C$2+Params!$C$3+D2 -> 14244 | E7: =Params!$C$2+Params!$C$3+E2 -> 14604 | F7: =Params!$C$2+Params!$C$3+F2 -> 14244 | G7: =Params!$C$2+Params!$C$3+G2 -> 14604 | H7: =Params!$C$2+Params!$C$3+H2 -> 14244 | I7: =Params!$C$2+Params!$C$3+I2 -> 14244 | J7: Q + m_nh + m_xc
A8: F_c (N) | B8: =B7*Params!$C$19*B3 -> 2096.0046 | C8: =C7*Params!$C$19*C3 -> 2096.0046 | D8: =D7*Params!$C$19*D3 -> 2515.2055 | E8: =E7*Params!$C$19*E3 -> 2148.9786 | F8: =F7*Params!$C$19*F3 -> 2096.0046 | G8: =G7*Params!$C$19*G3 -> 2578.7743 | H8: =H7*Params!$C$19*H3 -> 2096.0046 | I8: =I7*Params!$C$19*I3 -> 1676.8037 | J8: M_Σ·g·w_0
A9: M_max (N·m) tại a_max | B9: =(B8+GiaDinh_K3!$D$8*B7*Params!$C$11)*'Tính chọn'!$D$23/B4+Catalogue!$F$15*Params!$C$11/'Tính chọn'!$D$23 -> 10.824908 | C9: =(C8+GiaDinh_K3!$D$8*C7*Params!$C$11)*'Tính chọn'!$D$23/C4+Catalogue!$F$15*Params!$C$11/'Tính chọn'!$D$23 -> 10.824908 | D9: =(D8+GiaDinh_K3!$D$8*D7*Params!$C$11)*'Tính chọn'!$D$23/D4+Catalogue!$F$15*Params!$C$11/'Tính chọn'!$D$23 -> 11.199714 | E9: =(E8+GiaDinh_K3!$D$8*E7*Params!$C$11)*'Tính chọn'!$D$23/E4+Catalogue!$F$15*Params!$C$11/'Tính chọn'!$D$23 -> 11.05735 | F9: =(F8+GiaDinh_K3!$D$8*F7*Params!$C$11)*'Tính chọn'!$D$23/F4+Catalogue!$F$15*Params!$C$11/'Tính chọn'!$D$23 -> 11.365905 | G9: =(G8+GiaDinh_K3!$D$8*G7*Params!$C$11)*'Tính chọn'!$D$23/G4+Catalogue!$F$15*Params!$C$11/'Tính chọn'!$D$23 -> 12.018903 | H9: =(H8+GiaDinh_K3!$D$8*H7*Params!$C$11)*'Tính chọn'!$D$23/H4+Catalogue!$F$15*Params!$C$11/'Tính chọn'!$D$23 -> 10.824908 | I9: =(I8+GiaDinh_K3!$D$8*I7*Params!$C$11)*'Tính chọn'!$D$23/I4+Catalogue!$F$15*Params!$C$11/'Tính chọn'!$D$23 -> 9.9857791 | J9: Như 'Tính chọn' D
A10: M_max/M_N | B10: =B9/Catalogue!$F$5 -> 2.1868501 | C10: =C9/Catalogue!$F$5 -> 2.1868501 | D10: =D9/Catalogue!$F$5 -> 2.2625685 | E10: =E9/Catalogue!$F$5 -> 2.233808 | F10: =F9/Catalogue!$F$5 -> 2.2961424 | G10: =G9/Catalogue!$F$5 -> 2.4280612 | H10: =H9/Catalogue!$F$5 -> 2.1868501 | I10: =I9/Catalogue!$F$5 -> 2.0173291
A11: λ khả dụng | B11: =Catalogue!$F$12*(Params!$C$20*(1+B5)/GiaDinh_K3!$D$29)^2 -> 3.0685 | C11: =Catalogue!$F$12*(Params!$C$20*(1+C5)/GiaDinh_K3!$D$29)^2 -> 2.485485 | D11: =Catalogue!$F$12*(Params!$C$20*(1+D5)/GiaDinh_K3!$D$29)^2 -> 3.0685 | E11: =Catalogue!$F$12*(Params!$C$20*(1+E5)/GiaDinh_K3!$D$29)^2 -> 3.0685 | F11: =Catalogue!$F$12*(Params!$C$20*(1+F5)/GiaDinh_K3!$D$29)^2 -> 3.0685 | G11: =Catalogue!$F$12*(Params!$C$20*(1+G5)/GiaDinh_K3!$D$29)^2 -> 2.485485 | H11: =Catalogue!$F$12*(Params!$C$20*(1+H5)/GiaDinh_K3!$D$29)^2 -> 3.0685 | I11: =Catalogue!$F$12*(Params!$C$20*(1+I5)/GiaDinh_K3!$D$29)^2 -> 3.712885 | J11: λ_K·(U/U_N)², U_N = 400 V
A12: Biên quá tải | B12: =B11/B10 -> 1.4031597 | C12: =C11/C10 -> 1.1365594 | D12: =D11/D10 -> 1.356202 | E12: =E11/E10 -> 1.3736632 | F12: =F11/F10 -> 1.3363718 | G12: =G11/G10 -> 1.0236501 | H12: =H11/H10 -> 1.4031597 | I12: =I11/I10 -> 1.8404954 | J12: Phải ≥ 1
A13: k_bám tại a_max | B13: =B6*GiaDinh_K3!$D$9*B7*Params!$C$19/(B8+B7*Params!$C$11) -> 1.5158773 | C13: =C6*GiaDinh_K3!$D$9*C7*Params!$C$19/(C8+C7*Params!$C$11) -> 1.5158773 | D13: =D6*GiaDinh_K3!$D$9*D7*Params!$C$19/(D8+D7*Params!$C$11) -> 1.4499394 | E13: =E6*GiaDinh_K3!$D$9*E7*Params!$C$19/(E8+E7*Params!$C$11) -> 1.5158773 | F13: =F6*GiaDinh_K3!$D$9*F7*Params!$C$19/(F8+F7*Params!$C$11) -> 1.5158773 | G13: =G6*GiaDinh_K3!$D$9*G7*Params!$C$19/(G8+G7*Params!$C$11) -> 1.4499394 | H13: =H6*GiaDinh_K3!$D$9*H7*Params!$C$19/(H8+H7*Params!$C$11) -> 1.136908 | I13: =I6*GiaDinh_K3!$D$9*I7*Params!$C$19/(I8+I7*Params!$C$11) -> 1.5880982 | J13: Tham khảo
A14: k_bám tại a* (quỹ đạo thật) | B14: =B6*GiaDinh_K3!$D$9*B7*Params!$C$19/(B8+B7*GiaDinh_K3!$D$11) -> 1.6428033 | C14: =C6*GiaDinh_K3!$D$9*C7*Params!$C$19/(C8+C7*GiaDinh_K3!$D$11) -> 1.6428033 | D14: =D6*GiaDinh_K3!$D$9*D7*Params!$C$19/(D8+D7*GiaDinh_K3!$D$11) -> 1.5656421 | E14: =E6*GiaDinh_K3!$D$9*E7*Params!$C$19/(E8+E7*GiaDinh_K3!$D$11) -> 1.6428033 | F14: =F6*GiaDinh_K3!$D$9*F7*Params!$C$19/(F8+F7*GiaDinh_K3!$D$11) -> 1.6428033 | G14: =G6*GiaDinh_K3!$D$9*G7*Params!$C$19/(G8+G7*GiaDinh_K3!$D$11) -> 1.5656421 | H14: =H6*GiaDinh_K3!$D$9*H7*Params!$C$19/(H8+H7*GiaDinh_K3!$D$11) -> 1.2321025 | I14: =I6*GiaDinh_K3!$D$9*I7*Params!$C$19/(I8+I7*GiaDinh_K3!$D$11) -> 1.7279645 | J14: Phải ≥ 1.20
A15: P_dc,hãm (W) | B15: =MAX(0,(B7*Params!$C$11-B8)*Params!$C$10*B4*Catalogue!$F$9*GiaDinh_K3!$D$13) -> 436.4878 | C15: =MAX(0,(C7*Params!$C$11-C8)*Params!$C$10*C4*Catalogue!$F$9*GiaDinh_K3!$D$13) -> 436.4878 | D15: =MAX(0,(D7*Params!$C$11-D8)*Params!$C$10*D4*Catalogue!$F$9*GiaDinh_K3!$D$13) -> 400.08186 | E15: =MAX(0,(E7*Params!$C$11-E8)*Params!$C$10*E4*Catalogue!$F$9*GiaDinh_K3!$D$13) -> 447.5195 | F15: =MAX(0,(F7*Params!$C$11-F8)*Params!$C$10*F4*Catalogue!$F$9*GiaDinh_K3!$D$13) -> 412.23848 | G15: =MAX(0,(G7*Params!$C$11-G8)*Params!$C$10*G4*Catalogue!$F$9*GiaDinh_K3!$D$13) -> 387.40492 | H15: =MAX(0,(H7*Params!$C$11-H8)*Params!$C$10*H4*Catalogue!$F$9*GiaDinh_K3!$D$13) -> 436.4878 | I15: =MAX(0,(I7*Params!$C$11-I8)*Params!$C$10*I4*Catalogue!$F$9*GiaDinh_K3!$D$13) -> 499.16561 | J15: Phải ≤ P_BRmax
A16: U_dc0 không tải (V) | B16: =SQRT(2)*Params!$C$20*(1+B5) -> 537.40115 | C16: =SQRT(2)*Params!$C$20*(1+C5) -> 483.66104 | D16: =SQRT(2)*Params!$C$20*(1+D5) -> 537.40115 | E16: =SQRT(2)*Params!$C$20*(1+E5) -> 537.40115 | F16: =SQRT(2)*Params!$C$20*(1+F5) -> 537.40115 | G16: =SQRT(2)*Params!$C$20*(1+G5) -> 483.66104 | H16: =SQRT(2)*Params!$C$20*(1+H5) -> 537.40115 | I16: =SQRT(2)*Params!$C$20*(1+I5) -> 591.14127 | J16: Phải < U_chop − 20 V
A17: k_dt ước lượng | B17: ='Tính chọn'!$D$60*Params!$C$21/B8*MIN(1,Params!$C$20*(1+B5)/GiaDinh_K3!$D$29) -> 3.428416 | C17: ='Tính chọn'!$D$60*Params!$C$21/C8*MIN(1,Params!$C$20*(1+C5)/GiaDinh_K3!$D$29) -> 3.0855744 | D17: ='Tính chọn'!$D$60*Params!$C$21/D8*MIN(1,Params!$C$20*(1+D5)/GiaDinh_K3!$D$29) -> 2.8570134 | E17: ='Tính chọn'!$D$60*Params!$C$21/E8*MIN(1,Params!$C$20*(1+E5)/GiaDinh_K3!$D$29) -> 3.3439029 | F17: ='Tính chọn'!$D$60*Params!$C$21/F8*MIN(1,Params!$C$20*(1+F5)/GiaDinh_K3!$D$29) -> 3.428416 | G17: ='Tính chọn'!$D$60*Params!$C$21/G8*MIN(1,Params!$C$20*(1+G5)/GiaDinh_K3!$D$29) -> 2.5079272 | H17: ='Tính chọn'!$D$60*Params!$C$21/H8*MIN(1,Params!$C$20*(1+H5)/GiaDinh_K3!$D$29) -> 3.428416 | I17: ='Tính chọn'!$D$60*Params!$C$21/I8*MIN(1,Params!$C$20*(1+I5)/GiaDinh_K3!$D$29) -> 4.5110737 | J17: Gần đúng: M_đt ∝ F_c; dòng ∝ 1/U khi gần tốc độ định mức
A18: Kết luận | B18: =IF(AND(B12>=1,B14>=1.2,B15/1000<=Catalogue!$F$27,B16<GiaDinh_K3!$D$14-20,B17>=1.2),"Đạt","Xem lại") -> Đạt | C18: =IF(AND(C12>=1,C14>=1.2,C15/1000<=Catalogue!$F$27,C16<GiaDinh_K3!$D$14-20,C17>=1.2),"Đạt","Xem lại") -> Đạt | D18: =IF(AND(D12>=1,D14>=1.2,D15/1000<=Catalogue!$F$27,D16<GiaDinh_K3!$D$14-20,D17>=1.2),"Đạt","Xem lại") -> Đạt | E18: =IF(AND(E12>=1,E14>=1.2,E15/1000<=Catalogue!$F$27,E16<GiaDinh_K3!$D$14-20,E17>=1.2),"Đạt","Xem lại") -> Đạt | F18: =IF(AND(F12>=1,F14>=1.2,F15/1000<=Catalogue!$F$27,F16<GiaDinh_K3!$D$14-20,F17>=1.2),"Đạt","Xem lại") -> Đạt | G18: =IF(AND(G12>=1,G14>=1.2,G15/1000<=Catalogue!$F$27,G16<GiaDinh_K3!$D$14-20,G17>=1.2),"Đạt","Xem lại") -> Đạt | H18: =IF(AND(H12>=1,H14>=1.2,H15/1000<=Catalogue!$F$27,H16<GiaDinh_K3!$D$14-20,H17>=1.2),"Đạt","Xem lại") -> Đạt | I18: =IF(AND(I12>=1,I14>=1.2,I15/1000<=Catalogue!$F$27,I16<GiaDinh_K3!$D$14-20,I17>=1.2),"Đạt","Xem lại") -> Đạt | J18: Tổng hợp

Sheet Quy_dao
A1: QUỸ ĐẠO S-CURVE VÀ BIỂU ĐỒ PHỤ TẢI — MỘT HÀNH TRÌNH (đoạn chạy đều rút gọn)
A2: Mô hình khối cứng như khối D/F (M_Σ gắn cứng): mô phỏng 2 khối lượng (khối O) cho mô-men đỉnh nhỏ hơn ≈ 0.48 lần — không phải lỗi. Góc I/III chia η; góc II/IV nhân η nên M nhỏ nhất khác D63 (D63 dùng quy ước kéo cho tính nhiệt).
A4: T_đều hiển thị | B4: 1 | C4: s — tham số hiển thị [C] | E4: t₁ = T_j | F4: ='Tính chọn'!$D$39 -> 0.25 | G4: v lớn nhất (m/s) | H4: =MAX(D14:D254) -> 0.12
A5: Bước thời gian | B5: 0.01 | C5: s — tham số hiển thị [C] | E5: t₂ = T_j + T_a | F5: ='Tính chọn'!$D$39+'Tính chọn'!$D$40 -> 0.26666667 | G5: |a| lớn nhất (m/s²) | H5: =MAX(MAX(C14:C254),-MIN(C14:C254)) -> 0.45
E6: t₃ = t_acc | F6: ='Tính chọn'!$D$41 -> 0.51666667 | G6: |ρ| lớn nhất (m/s³) | H6: =MAX(MAX(B14:B254),-MIN(B14:B254)) -> 1.8
E7: t₄ = t₃ + T_đều | F7: =$F$6+$B$4 -> 1.5166667 | G7: M lớn nhất đầy tải (N·m) | H7: =MAX(F14:F254) -> 9.9298202
E8: t₅ = t₄ + T_j | F8: =$F$7+'Tính chọn'!$D$39 -> 1.7666667 | G8: M nhỏ nhất đầy tải (N·m) | H8: =MIN(F14:F254) -> -5.2856082
E9: t₆ = t₅ + T_a | F9: =$F$8+'Tính chọn'!$D$40 -> 1.7833333 | G9: Quãng đường (m) | H9: =MAX(E14:E254) -> 0.181995
E10: t₇ = t₄ + t_acc | F10: =$F$7+'Tính chọn'!$D$41 -> 2.0333333
A13: t (s) | B13: ρ (m/s³) | C13: a (m/s²) | D13: v (m/s) | E13: s (m) | F13: M đầy tải (N·m) | G13: M không tải (N·m) | H13: P đầy tải (W)
A14: =0*$B$5 -> 0 | B14: =IF(A14<$F$4,GiaDinh_K3!$D$12,IF(A14<$F$5,0,IF(A14<$F$6,-GiaDinh_K3!$D$12,IF(A14<$F$7,0,IF(A14<$F$8,-GiaDinh_K3!$D$12,IF(A14<$F$9,0,IF(A14<$F$10,GiaDinh_K3!$D$12,0))))))) -> 1.8 | C14: =IF(A14<$F$4,GiaDinh_K3!$D$12*A14,IF(A14<$F$5,GiaDinh_K3!$D$11,IF(A14<$F$6,GiaDinh_K3!$D$11-GiaDinh_K3!$D$12*(A14-$F$5),IF(A14<$F$7,0,IF(A14<$F$8,-GiaDinh_K3!$D$12*(A14-$F$7),IF(A14<$F$9,-GiaDinh_K3!$D$11,IF(A14<$F$10,-GiaDinh_K3!$D$11+GiaDinh_K3!$D$12*(A14-$F$9),0))))))) -> 0 | D14: 0 | E14: 0 | F14: =IF(A14>$F$10,0,IF((Params!$C$21+GiaDinh_K3!$D$8*Params!$C$5*C14)>=0,(Params!$C$21+GiaDinh_K3!$D$8*Params!$C$5*C14)*'Tính chọn'!$D$23/Params!$C$16,(Params!$C$21+GiaDinh_K3!$D$8*Params!$C$5*C14)*'Tính chọn'!$D$23*Params!$C$16)+Catalogue!$F$15*C14/'Tính chọn'!$D$23) -> 1.8740295 | G14: =IF(A14>$F$10,0,IF(('Tính chọn'!$D$6+GiaDinh_K3!$D$8*Params!$C$6*C14)>=0,('Tính chọn'!$D$6+GiaDinh_K3!$D$8*Params!$C$6*C14)*'Tính chọn'!$D$23/Params!$C$16,('Tính chọn'!$D$6+GiaDinh_K3!$D$8*Params!$C$6*C14)*'Tính chọn'!$D$23*Params!$C$16)+Catalogue!$F$15*C14/'Tính chọn'!$D$23) -> 0.26602694 | H14: =F14*D14/'Tính chọn'!$D$23 -> 0
A15: =1*$B$5 -> 0.01 | B15: =IF(A15<$F$4,GiaDinh_K3!$D$12,IF(A15<$F$5,0,IF(A15<$F$6,-GiaDinh_K3!$D$12,IF(A15<$F$7,0,IF(A15<$F$8,-GiaDinh_K3!$D$12,IF(A15<$F$9,0,IF(A15<$F$10,GiaDinh_K3!$D$12,0))))))) -> 1.8 | C15: =IF(A15<$F$4,GiaDinh_K3!$D$12*A15,IF(A15<$F$5,GiaDinh_K3!$D$11,IF(A15<$F$6,GiaDinh_K3!$D$11-GiaDinh_K3!$D$12*(A15-$F$5),IF(A15<$F$7,0,IF(A15<$F$8,-GiaDinh_K3!$D$12*(A15-$F$7),IF(A15<$F$9,-GiaDinh_K3!$D$11,IF(A15<$F$10,-GiaDinh_K3!$D$11+GiaDinh_K3!$D$12*(A15-$F$9),0))))))) -> 0.018 | D15: =MAX(0,D14+(C14+C15)/2*$B$5) -> 9e-05 | E15: =E14+(D14+D15)/2*$B$5 -> 4.5e-07 | F15: =IF(A15>$F$10,0,IF((Params!$C$21+GiaDinh_K3!$D$8*Params!$C$5*C15)>=0,(Params!$C$21+GiaDinh_K3!$D$8*Params!$C$5*C15)*'Tính chọn'!$D$23/Params!$C$16,(Params!$C$21+GiaDinh_K3!$D$8*Params!$C$5*C15)*'Tính chọn'!$D$23*Params!$C$16)+Catalogue!$F$15*C15/'Tính chọn'!$D$23) -> 2.1962612 | G15: =IF(A15>$F$10,0,IF(('Tính chọn'!$D$6+GiaDinh_K3!$D$8*Params!$C$6*C15)>=0,('Tính chọn'!$D$6+GiaDinh_K3!$D$8*Params!$C$6*C15)*'Tính chọn'!$D$23/Params!$C$16,('Tính chọn'!$D$6+GiaDinh_K3!$D$8*Params!$C$6*C15)*'Tính chọn'!$D$23*Params!$C$16)+Catalogue!$F$15*C15/'Tính chọn'!$D$23) -> 0.36205637 | H15: =F15*D15/'Tính chọn'!$D$23 -> 0.24564039
A16: =2*$B$5 -> 0.02 | B16: =IF(A16<$F$4,GiaDinh_K3!$D$12,IF(A16<$F$5,0,IF(A16<$F$6,-GiaDinh_K3!$D$12,IF(A16<$F$7,0,IF(A16<$F$8,-GiaDinh_K3!$D$12,IF(A16<$F$9,0,IF(A16<$F$10,GiaDinh_K3!$D$12,0))))))) -> 1.8 | C16: =IF(A16<$F$4,GiaDinh_K3!$D$12*A16,IF(A16<$F$5,GiaDinh_K3!$D$11,IF(A16<$F$6,GiaDinh_K3!$D$11-GiaDinh_K3!$D$12*(A16-$F$5),IF(A16<$F$7,0,IF(A16<$F$8,-GiaDinh_K3!$D$12*(A16-$F$7),IF(A16<$F$9,-GiaDinh_K3!$D$11,IF(A16<$F$10,-GiaDinh_K3!$D$11+GiaDinh_K3!$D$12*(A16-$F$9),0))))))) -> 0.036 | D16: =MAX(0,D15+(C15+C16)/2*$B$5) -> 0.00036 | E16: =E15+(D15+D16)/2*$B$5 -> 2.7e-06 | F16: =IF(A16>$F$10,0,IF((Params!$C$21+GiaDinh_K3!$D$8*Params!$C$5*C16)>=0,(Params!$C$21+GiaDinh_K3!$D$8*Params!$C$5*C16)*'Tính chọn'!$D$23/Params!$C$16,(Params!$C$21+GiaDinh_K3!$D$8*Params!$C$5*C16)*'Tính chọn'!$D$23*Params!$C$16)+Catalogue!$F$15*C16/'Tính chọn'!$D$23) -> 2.5184928 | G16: =IF(A16>$F$10,0,IF(('Tính chọn'!$D$6+GiaDinh_K3!$D$8*Params!$C$6*C16)>=0,('Tính chọn'!$D$6+GiaDinh_K3!$D$8*Params!$C$6*C16)*'Tính chọn'!$D$23/Params!$C$16,('Tính chọn'!$D$6+GiaDinh_K3!$D$8*Params!$C$6*C16)*'Tính chọn'!$D$23*Params!$C$16)+Catalogue!$F$15*C16/'Tính chọn'!$D$23) -> 0.45808579 | H16: =F16*D16/'Tính chọn'!$D$23 -> 1.1267213
A17: =3*$B$5 -> 0.03 | B17: =IF(A17<$F$4,GiaDinh_K3!$D$12,IF(A17<$F$5,0,IF(A17<$F$6,-GiaDinh_K3!$D$12,IF(A17<$F$7,0,IF(A17<$F$8,-GiaDinh_K3!$D$12,IF(A17<$F$9,0,IF(A17<$F$10,GiaDinh_K3!$D$12,0))))))) -> 1.8 | C17: =IF(A17<$F$4,GiaDinh_K3!$D$12*A17,IF(A17<$F$5,GiaDinh_K3!$D$11,IF(A17<$F$6,GiaDinh_K3!$D$11-GiaDinh_K3!$D$12*(A17-$F$5),IF(A17<$F$7,0,IF(A17<$F$8,-GiaDinh_K3!$D$12*(A17-$F$7),IF(A17<$F$9,-GiaDinh_K3!$D$11,IF(A17<$F$10,-GiaDinh_K3!$D$11+GiaDinh_K3!$D$12*(A17-$F$9),0))))))) -> 0.054 | D17: =MAX(0,D16+(C16+C17)/2*$B$5) -> 0.00081 | E17: =E16+(D16+D17)/2*$B$5 -> 8.55e-06 | F17: =IF(A17>$F$10,0,IF((Params!$C$21+GiaDinh_K3!$D$8*Params!$C$5*C17)>=0,(Params!$C$21+GiaDinh_K3!$D$8*Params!$C$5*C17)*'Tính chọn'!$D$23/Params!$C$16,(Params!$C$21+GiaDinh_K3!$D$8*Params!$C$5*C17)*'Tính chọn'!$D$23*Params!$C$16)+Catalogue!$F$15*C17/'Tính chọn'!$D$23) -> 2.8407244 | G17: =IF(A17>$F$10,0,IF(('Tính chọn'!$D$6+GiaDinh_K3!$D$8*Params!$C$6*C17)>=0,('Tính chọn'!$D$6+GiaDinh_K3!$D$8*Params!$C$6*C17)*'Tính chọn'!$D$23/Params!$C$16,('Tính chọn'!$D$6+GiaDinh_K3!$D$8*Params!$C$6*C17)*'Tính chọn'!$D$23*Params!$C$16)+Catalogue!$F$15*C17/'Tính chọn'!$D$23) -> 0.55411522 | H17: =F17*D17/'Tính chọn'!$D$23 -> 2.8594823
A18: =4*$B$5 -> 0.04 | B18: =IF(A18<$F$4,GiaDinh_K3!$D$12,IF(A18<$F$5,0,IF(A18<$F$6,-GiaDinh_K3!$D$12,IF(A18<$F$7,0,IF(A18<$F$8,-GiaDinh_K3!$D$12,IF(A18<$F$9,0,IF(A18<$F$10,GiaDinh_K3!$D$12,0))))))) -> 1.8 | C18: =IF(A18<$F$4,GiaDinh_K3!$D$12*A18,IF(A18<$F$5,GiaDinh_K3!$D$11,IF(A18<$F$6,GiaDinh_K3!$D$11-GiaDinh_K3!$D$12*(A18-$F$5),IF(A18<$F$7,0,IF(A18<$F$8,-GiaDinh_K3!$D$12*(A18-$F$7),IF(A18<$F$9,-GiaDinh_K3!$D$11,IF(A18<$F$10,-GiaDinh_K3!$D$11+GiaDinh_K3!$D$12*(A18-$F$9),0))))))) -> 0.072 | D18: =MAX(0,D17+(C17+C18)/2*$B$5) -> 0.00144 | E18: =E17+(D17+D18)/2*$B$5 -> 1.98e-05 | F18: =IF(A18>$F$10,0,IF((Params!$C$21+GiaDinh_K3!$D$8*Params!$C$5*C18)>=0,(Params!$C$21+GiaDinh_K3!$D$8*Params!$C$5*C18)*'Tính chọn'!$D$23/Params!$C$16,(Params!$C$21+GiaDinh_K3!$D$8*Params!$C$5*C18)*'Tính chọn'!$D$23*Params!$C$16)+Catalogue!$F$15*C18/'Tính chọn'!$D$23) -> 3.1629561 | G18: =IF(A18>$F$10,0,IF(('Tính chọn'!$D$6+GiaDinh_K3!$D$8*Params!$C$6*C18)>=0,('Tính chọn'!$D$6+GiaDinh_K3!$D$8*Params!$C$6*C18)*'Tính chọn'!$D$23/Params!$C$16,('Tính chọn'!$D$6+GiaDinh_K3!$D$8*Params!$C$6*C18)*'Tính chọn'!$D$23*Params!$C$16)+Catalogue!$F$15*C18/'Tính chọn'!$D$23) -> 0.65014464 | H18: =F18*D18/'Tính chọn'!$D$23 -> 5.660163
A19: =5*$B$5 -> 0.05 | B19: =IF(A19<$F$4,GiaDinh_K3!$D$12,IF(A19<$F$5,0,IF(A19<$F$6,-GiaDinh_K3!$D$12,IF(A19<$F$7,0,IF(A19<$F$8,-GiaDinh_K3!$D$12,IF(A19<$F$9,0,IF(A19<$F$10,GiaDinh_K3!$D$12,0))))))) -> 1.8 | C19: =IF(A19<$F$4,GiaDinh_K3!$D$12*A19,IF(A19<$F$5,GiaDinh_K3!$D$11,IF(A19<$F$6,GiaDinh_K3!$D$11-GiaDinh_K3!$D$12*(A19-$F$5),IF(A19<$F$7,0,IF(A19<$F$8,-GiaDinh_K3!$D$12*(A19-$F$7),IF(A19<$F$9,-GiaDinh_K3!$D$11,IF(A19<$F$10,-GiaDinh_K3!$D$11+GiaDinh_K3!$D$12*(A19-$F$9),0))))))) -> 0.09 | D19: =MAX(0,D18+(C18+C19)/2*$B$5) -> 0.00225 | E19: =E18+(D18+D19)/2*$B$5 -> 3.825e-05 | F19: =IF(A19>$F$10,0,IF((Params!$C$21+GiaDinh_K3!$D$8*Params!$C$5*C19)>=0,(Params!$C$21+GiaDinh_K3!$D$8*Params!$C$5*C19)*'Tính chọn'!$D$23/Params!$C$16,(Params!$C$21+GiaDinh_K3!$D$8*Params!$C$5*C19)*'Tính chọn'!$D$23*Params!$C$16)+Catalogue!$F$15*C19/'Tính chọn'!$D$23) -> 3.4851877 | G19: =IF(A19>$F$10,0,IF(('Tính chọn'!$D$6+GiaDinh_K3!$D$8*Params!$C$6*C19)>=0,('Tính chọn'!$D$6+GiaDinh_K3!$D$8*Params!$C$6*C19)*'Tính chọn'!$D$23/Params!$C$16,('Tính chọn'!$D$6+GiaDinh_K3!$D$8*Params!$C$6*C19)*'Tính chọn'!$D$23*Params!$C$16)+Catalogue!$F$15*C19/'Tính chọn'!$D$23) -> 0.74617407 | H19: =F19*D19/'Tính chọn'!$D$23 -> 9.745003
A20: =6*$B$5 -> 0.06 | B20: =IF(A20<$F$4,GiaDinh_K3!$D$12,IF(A20<$F$5,0,IF(A20<$F$6,-GiaDinh_K3!$D$12,IF(A20<$F$7,0,IF(A20<$F$8,-GiaDinh_K3!$D$12,IF(A20<$F$9,0,IF(A20<$F$10,GiaDinh_K3!$D$12,0))))))) -> 1.8 | C20: =IF(A20<$F$4,GiaDinh_K3!$D$12*A20,IF(A20<$F$5,GiaDinh_K3!$D$11,IF(A20<$F$6,GiaDinh_K3!$D$11-GiaDinh_K3!$D$12*(A20-$F$5),IF(A20<$F$7,0,IF(A20<$F$8,-GiaDinh_K3!$D$12*(A20-$F$7),IF(A20<$F$9,-GiaDinh_K3!$D$11,IF(A20<$F$10,-GiaDinh_K3!$D$11+GiaDinh_K3!$D$12*(A20-$F$9),0))))))) -> 0.108 | D20: =MAX(0,D19+(C19+C20)/2*$B$5) -> 0.00324 | E20: =E19+(D19+D20)/2*$B$5 -> 6.57e-05 | F20: =IF(A20>$F$10,0,IF((Params!$C$21+GiaDinh_K3!$D$8*Params!$C$5*C20)>=0,(Params!$C$21+GiaDinh_K3!$D$8*Params!$C$5*C20)*'Tính chọn'!$D$23/Params!$C$16,(Params!$C$21+GiaDinh_K3!$D$8*Params!$C$5*C20)*'Tính chọn'!$D$23*Params!$C$16)+Catalogue!$F$15*C20/'Tính chọn'!$D$23) -> 3.8074193 | G20: =IF(A20>$F$10,0,IF(('Tính chọn'!$D$6+GiaDinh_K3!$D$8*Params!$C$6*C20)>=0,('Tính chọn'!$D$6+GiaDinh_K3!$D$8*Params!$C$6*C20)*'Tính chọn'!$D$23/Params!$C$16,('Tính chọn'!$D$6+GiaDinh_K3!$D$8*Params!$C$6*C20)*'Tính chọn'!$D$23*Params!$C$16)+Catalogue!$F$15*C20/'Tính chọn'!$D$23) -> 0.84220349 | H20: =F20*D20/'Tính chọn'!$D$23 -> 15.330242
A21: =7*$B$5 -> 0.07 | B21: =IF(A21<$F$4,GiaDinh_K3!$D$12,IF(A21<$F$5,0,IF(A21<$F$6,-GiaDinh_K3!$D$12,IF(A21<$F$7,0,IF(A21<$F$8,-GiaDinh_K3!$D$12,IF(A21<$F$9,0,IF(A21<$F$10,GiaDinh_K3!$D$12,0))))))) -> 1.8 | C21: =IF(A21<$F$4,GiaDinh_K3!$D$12*A21,IF(A21<$F$5,GiaDinh_K3!$D$11,IF(A21<$F$6,GiaDinh_K3!$D$11-GiaDinh_K3!$D$12*(A21-$F$5),IF(A21<$F$7,0,IF(A21<$F$8,-GiaDinh_K3!$D$12*(A21-$F$7),IF(A21<$F$9,-GiaDinh_K3!$D$11,IF(A21<$F$10,-GiaDinh_K3!$D$11+GiaDinh_K3!$D$12*(A21-$F$9),0))))))) -> 0.126 | D21: =MAX(0,D20+(C20+C21)/2*$B$5) -> 0.00441 | E21: =E20+(D20+D21)/2*$B$5 -> 0.00010395 | F21: =IF(A21>$F$10,0,IF((Params!$C$21+GiaDinh_K3!$D$8*Params!$C$5*C21)>=0,(Params!$C$21+GiaDinh_K3!$D$8*Params!$C$5*C21)*'Tính chọn'!$D$23/Params!$C$16,(Params!$C$21+GiaDinh_K3!$D$8*Params!$C$5*C21)*'Tính chọn'!$D$23*Params!$C$16)+Catalogue!$F$15*C21/'Tính chọn'!$D$23) -> 4.1296509 | G21: =IF(A21>$F$10,0,IF(('Tính chọn'!$D$6+GiaDinh_K3!$D$8*Params!$C$6*C21)>=0,('Tính chọn'!$D$6+GiaDinh_K3!$D$8*Params!$C$6*C21)*'Tính chọn'!$D$23/Params!$C$16,('Tính chọn'!$D$6+GiaDinh_K3!$D$8*Params!$C$6*C21)*'Tính chọn'!$D$23*Params!$C$16)+Catalogue!$F$15*C21/'Tính chọn'!$D$23) -> 0.93823292 | H21: =F21*D21/'Tính chọn'!$D$23 -> 22.632119
A22: =8*$B$5 -> 0.08 | B22: =IF(A22<$F$4,GiaDinh_K3!$D$12,IF(A22<$F$5,0,IF(A22<$F$6,-GiaDinh_K3!$D$12,IF(A22<$F$7,0,IF(A22<$F$8,-GiaDinh_K3!$D$12,IF(A22<$F$9,0,IF(A22<$F$10,GiaDinh_K3!$D$12,0))))))) -> 1.8 | C22: =IF(A22<$F$4,GiaDinh_K3!$D$12*A22,IF(A22<$F$5,GiaDinh_K3!$D$11,IF(A22<$F$6,GiaDinh_K3!$D$11-GiaDinh_K3!$D$12*(A22-$F$5),IF(A22<$F$7,0,IF(A22<$F$8,-GiaDinh_K3!$D$12*(A22-$F$7),IF(A22<$F$9,-GiaDinh_K3!$D$11,IF(A22<$F$10,-GiaDinh_K3!$D$11+GiaDinh_K3!$D$12*(A22-$F$9),0))))))) -> 0.144 | D22: =MAX(0,D21+(C21+C22)/2*$B$5) -> 0.00576 | E22: =E21+(D21+D22)/2*$B$5 -> 0.0001548 | F22: =IF(A22>$F$10,0,IF((Params!$C$21+GiaDinh_K3!$D$8*Params!$C$5*C22)>=0,(Params!$C$21+GiaDinh_K3!$D$8*Params!$C$5*C22)*'Tính chọn'!$D$23/Params!$C$16,(Params!$C$21+GiaDinh_K3!$D$8*Params!$C$5*C22)*'Tính chọn'!$D$23*Params!$C$16)+Catalogue!$F$15*C22/'Tính chọn'!$D$23) -> 4.4518826 | G22: =IF(A22>$F$10,0,IF(('Tính chọn'!$D$6+GiaDinh_K3!$D$8*Params!$C$6*C22)>=0,('Tính chọn'!$D$6+GiaDinh_K3!$D$8*Params!$C$6*C22)*'Tính chọn'!$D$23/Params!$C$16,('Tính chọn'!$D$6+GiaDinh_K3!$D$8*Params!$C$6*C22)*'Tính chọn'!$D$23*Params!$C$16)+Catalogue!$F$15*C22/'Tính chọn'!$D$23) -> 1.0342623 | H22: =F22*D22/'Tính chọn'!$D$23 -> 31.866875
A23: =9*$B$5 -> 0.09 | B23: =IF(A23<$F$4,GiaDinh_K3!$D$12,IF(A23<$F$5,0,IF(A23<$F$6,-GiaDinh_K3!$D$12,IF(A23<$F$7,0,IF(A23<$F$8,-GiaDinh_K3!$D$12,IF(A23<$F$9,0,IF(A23<$F$10,GiaDinh_K3!$D$12,0))))))) -> 1.8 | C23: =IF(A23<$F$4,GiaDinh_K3!$D$12*A23,IF(A23<$F$5,GiaDinh_K3!$D$11,IF(A23<$F$6,GiaDinh_K3!$D$11-GiaDinh_K3!$D$12*(A23-$F$5),IF(A23<$F$7,0,IF(A23<$F$8,-GiaDinh_K3!$D$12*(A23-$F$7),IF(A23<$F$9,-GiaDinh_K3!$D$11,IF(A23<$F$10,-GiaDinh_K3!$D$11+GiaDinh_K3!$D$12*(A23-$F$9),0))))))) -> 0.162 | D23: =MAX(0,D22+(C22+C23)/2*$B$5) -> 0.00729 | E23: =E22+(D22+D23)/2*$B$5 -> 0.00022005 | F23: =IF(A23>$F$10,0,IF((Params!$C$21+GiaDinh_K3!$D$8*Params!$C$5*C23)>=0,(Params!$C$21+GiaDinh_K3!$D$8*Params!$C$5*C23)*'Tính chọn'!$D$23/Params!$C$16,(Params!$C$21+GiaDinh_K3!$D$8*Params!$C$5*C23)*'Tính chọn'!$D$23*Params!$C$16)+Catalogue!$F$15*C23/'Tính chọn'!$D$23) -> 4.7741142 | G23: =IF(A23>$F$10,0,IF(('Tính chọn'!$D$6+GiaDinh_K3!$D$8*Params!$C$6*C23)>=0,('Tính chọn'!$D$6+GiaDinh_K3!$D$8*Params!$C$6*C23)*'Tính chọn'!$D$23/Params!$C$16,('Tính chọn'!$D$6+GiaDinh_K3!$D$8*Params!$C$6*C23)*'Tính chọn'!$D$23*Params!$C$16)+Catalogue!$F$15*C23/'Tính chọn'!$D$23) -> 1.1302918 | H23: =F23*D23/'Tính chọn'!$D$23 -> 43.250748
A24: =10*$B$5 -> 0.1 | B24: =IF(A24<$F$4,GiaDinh_K3!$D$12,IF(A24<$F$5,0,IF(A24<$F$6,-GiaDinh_K3!$D$12,IF(A24<$F$7,0,IF(A24<$F$8,-GiaDinh_K3!$D$12,IF(A24<$F$9,0,IF(A24<$F$10,GiaDinh_K3!$D$12,0))))))) -> 1.8 | C24: =IF(A24<$F$4,GiaDinh_K3!$D$12*A24,IF(A24<$F$5,GiaDinh_K3!$D$11,IF(A24<$F$6,GiaDinh_K3!$D$11-GiaDinh_K3!$D$12*(A24-$F$5),IF(A24<$F$7,0,IF(A24<$F$8,-GiaDinh_K3!$D$12*(A24-$F$7),IF(A24<$F$9,-GiaDinh_K3!$D$11,IF(A24<$F$10,-GiaDinh_K3!$D$11+GiaDinh_K3!$D$12*(A24-$F$9),0))))))) -> 0.18 | D24: =MAX(0,D23+(C23+C24)/2*$B$5) -> 0.009 | E24: =E23+(D23+D24)/2*$B$5 -> 0.0003015 | F24: =IF(A24>$F$10,0,IF((Params!$C$21+GiaDinh_K3!$D$8*Params!$C$5*C24)>=0,(Params!$C$21+GiaDinh_K3!$D$8*Params!$C$5*C24)*'Tính chọn'!$D$23/Params!$C$16,(Params!$C$21+GiaDinh_K3!$D$8*Params!$C$5*C24)*'Tính chọn'!$D$23*Params!$C$16)+Catalogue!$F$15*C24/'Tính chọn'!$D$23) -> 5.0963458 | G24: =IF(A24>$F$10,0,IF(('Tính chọn'!$D$6+GiaDinh_K3!$D$8*Params!$C$6*C24)>=0,('Tính chọn'!$D$6+GiaDinh_K3!$D$8*Params!$C$6*C24)*'Tính chọn'!$D$23/Params!$C$16,('Tính chọn'!$D$6+GiaDinh_K3!$D$8*Params!$C$6*C24)*'Tính chọn'!$D$23*Params!$C$16)+Catalogue!$F$15*C24/'Tính chọn'!$D$23) -> 1.2263212 | H24: =F24*D24/'Tính chọn'!$D$23 -> 56.999978
A25: =11*$B$5 -> 0.11 | B25: =IF(A25<$F$4,GiaDinh_K3!$D$12,IF(A25<$F$5,0,IF(A25<$F$6,-GiaDinh_K3!$D$12,IF(A25<$F$7,0,IF(A25<$F$8,-GiaDinh_K3!$D$12,IF(A25<$F$9,0,IF(A25<$F$10,GiaDinh_K3!$D$12,0))))))) -> 1.8 | C25: =IF(A25<$F$4,GiaDinh_K3!$D$12*A25,IF(A25<$F$5,GiaDinh_K3!$D$11,IF(A25<$F$6,GiaDinh_K3!$D$11-GiaDinh_K3!$D$12*(A25-$F$5),IF(A25<$F$7,0,IF(A25<$F$8,-GiaDinh_K3!$D$12*(A25-$F$7),IF(A25<$F$9,-GiaDinh_K3!$D$11,IF(A25<$F$10,-GiaDinh_K3!$D$11+GiaDinh_K3!$D$12*(A25-$F$9),0))))))) -> 0.198 | D25: =MAX(0,D24+(C24+C25)/2*$B$5) -> 0.01089 | E25: =E24+(D24+D25)/2*$B$5 -> 0.00040095 | F25: =IF(A25>$F$10,0,IF((Params!$C$21+GiaDinh_K3!$D$8*Params!$C$5*C25)>=0,(Params!$C$21+GiaDinh_K3!$D$8*Params!$C$5*C25)*'Tính chọn'!$D$23/Params!$C$16,(Params!$C$21+GiaDinh_K3!$D$8*Params!$C$5*C25)*'Tính chọn'!$D$23*Params!$C$16)+Catalogue!$F$15*C25/'Tính chọn'!$D$23) -> 5.4185774 | G25: =IF(A25>$F$10,0,IF(('Tính chọn'!$D$6+GiaDinh_K3!$D$8*Params!$C$6*C25)>=0,('Tính chọn'!$D$6+GiaDinh_K3!$D$8*Params!$C$6*C25)*'Tính chọn'!$D$23/Params!$C$16,('Tính chọn'!$D$6+GiaDinh_K3!$D$8*Params!$C$6*C25)*'Tính chọn'!$D$23*Params!$C$16)+Catalogue!$F$15*C25/'Tính chọn'!$D$23) -> 1.3223506 | H25: =F25*D25/'Tính chọn'!$D$23 -> 73.330805
A26: =12*$B$5 -> 0.12 | B26: =IF(A26<$F$4,GiaDinh_K3!$D$12,IF(A26<$F$5,0,IF(A26<$F$6,-GiaDinh_K3!$D$12,IF(A26<$F$7,0,IF(A26<$F$8,-GiaDinh_K3!$D$12,IF(A26<$F$9,0,IF(A26<$F$10,GiaDinh_K3!$D$12,0))))))) -> 1.8 | C26: =IF(A26<$F$4,GiaDinh_K3!$D$12*A26,IF(A26<$F$5,GiaDinh_K3!$D$11,IF(A26<$F$6,GiaDinh_K3!$D$11-GiaDinh_K3!$D$12*(A26-$F$5),IF(A26<$F$7,0,IF(A26<$F$8,-GiaDinh_K3!$D$12*(A26-$F$7),IF(A26<$F$9,-GiaDinh_K3!$D$11,IF(A26<$F$10,-GiaDinh_K3!$D$11+GiaDinh_K3!$D$12*(A26-$F$9),0))))))) -> 0.216 | D26: =MAX(0,D25+(C25+C26)/2*$B$5) -> 0.01296 | E26: =E25+(D25+D26)/2*$B$5 -> 0.0005202 | F26: =IF(A26>$F$10,0,IF((Params!$C$21+GiaDinh_K3!$D$8*Params!$C$5*C26)>=0,(Params!$C$21+GiaDinh_K3!$D$8*Params!$C$5*C26)*'Tính chọn'!$D$23/Params!$C$16,(Params!$C$21+GiaDinh_K3!$D$8*Params!$C$5*C26)*'Tính chọn'!$D$23*Params!$C$16)+Catalogue!$F$15*C26/'Tính chọn'!$D$23) -> 5.7408091 | G26: =IF(A26>$F$10,0,IF(('Tính chọn'!$D$6+GiaDinh_K3!$D$8*Params!$C$6*C26)>=0,('Tính chọn'!$D$6+GiaDinh_K3!$D$8*Params!$C$6*C26)*'Tính chọn'!$D$23/Params!$C$16,('Tính chọn'!$D$6+GiaDinh_K3!$D$8*Params!$C$6*C26)*'Tính chọn'!$D$23*Params!$C$16)+Catalogue!$F$15*C26/'Tính chọn'!$D$23) -> 1.41838 | H26: =F26*D26/'Tính chọn'!$D$23 -> 92.459469
A27: =13*$B$5 -> 0.13 | B27: =IF(A27<$F$4,GiaDinh_K3!$D$12,IF(A27<$F$5,0,IF(A27<$F$6,-GiaDinh_K3!$D$12,IF(A27<$F$7,0,IF(A27<$F$8,-GiaDinh_K3!$D$12,IF(A27<$F$9,0,IF(A27<$F$10,GiaDinh_K3!$D$12,0))))))) -> 1.8 | C27: =IF(A27<$F$4,GiaDinh_K3!$D$12*A27,IF(A27<$F$5,GiaDinh_K3!$D$11,IF(A27<$F$6,GiaDinh_K3!$D$11-GiaDinh_K3!$D$12*(A27-$F$5),IF(A27<$F$7,0,IF(A27<$F$8,-GiaDinh_K3!$D$12*(A27-$F$7),IF(A27<$F$9,-GiaDinh_K3!$D$11,IF(A27<$F$10,-GiaDinh_K3!$D$11+GiaDinh_K3!$D$12*(A27-$F$9),0))))))) -> 0.234 | D27: =MAX(0,D26+(C26+C27)/2*$B$5) -> 0.01521 | E27: =E26+(D26+D27)/2*$B$5 -> 0.00066105 | F27: =IF(A27>$F$10,0,IF((Params!$C$21+GiaDinh_K3!$D$8*Params!$C$5*C27)>=0,(Params!$C$21+GiaDinh_K3!$D$8*Params!$C$5*C27)*'Tính chọn'!$D$23/Params!$C$16,(Params!$C$21+GiaDinh_K3!$D$8*Params!$C$5*C27)*'Tính chọn'!$D$23*Params!$C$16)+Catalogue!$F$15*C27/'Tính chọn'!$D$23) -> 6.0630407 | G27: =IF(A27>$F$10,0,IF(('Tính chọn'!$D$6+GiaDinh_K3!$D$8*Params!$C$6*C27)>=0,('Tính chọn'!$D$6+GiaDinh_K3!$D$8*Params!$C$6*C27)*'Tính chọn'!$D$23/Params!$C$16,('Tính chọn'!$D$6+GiaDinh_K3!$D$8*Params!$C$6*C27)*'Tính chọn'!$D$23*Params!$C$16)+Catalogue!$F$15*C27/'Tính chọn'!$D$23) -> 1.5144095 | H27: =F27*D27/'Tính chọn'!$D$23 -> 114.60221
A28: =14*$B$5 -> 0.14 | B28: =IF(A28<$F$4,GiaDinh_K3!$D$12,IF(A28<$F$5,0,IF(A28<$F$6,-GiaDinh_K3!$D$12,IF(A28<$F$7,0,IF(A28<$F$8,-GiaDinh_K3!$D$12,IF(A28<$F$9,0,IF(A28<$F$10,GiaDinh_K3!$D$12,0))))))) -> 1.8 | C28: =IF(A28<$F$4,GiaDinh_K3!$D$12*A28,IF(A28<$F$5,GiaDinh_K3!$D$11,IF(A28<$F$6,GiaDinh_K3!$D$11-GiaDinh_K3!$D$12*(A28-$F$5),IF(A28<$F$7,0,IF(A28<$F$8,-GiaDinh_K3!$D$12*(A28-$F$7),IF(A28<$F$9,-GiaDinh_K3!$D$11,IF(A28<$F$10,-GiaDinh_K3!$D$11+GiaDinh_K3!$D$12*(A28-$F$9),0))))))) -> 0.252 | D28: =MAX(0,D27+(C27+C28)/2*$B$5) -> 0.01764 | E28: =E27+(D27+D28)/2*$B$5 -> 0.0008253 | F28: =IF(A28>$F$10,0,IF((Params!$C$21+GiaDinh_K3!$D$8*Params!$C$5*C28)>=0,(Params!$C$21+GiaDinh_K3!$D$8*Params!$C$5*C28)*'Tính chọn'!$D$23/Params!$C$16,(Params!$C$21+GiaDinh_K3!$D$8*Params!$C$5*C28)*'Tính chọn'!$D$23*Params!$C$16)+Catalogue!$F$15*C28/'Tính chọn'!$D$23) -> 6.3852723 | G28: =IF(A28>$F$10,0,IF(('Tính chọn'!$D$6+GiaDinh_K3!$D$8*Params!$C$6*C28)>=0,('Tính chọn'!$D$6+GiaDinh_K3!$D$8*Params!$C$6*C28)*'Tính chọn'!$D$23/Params!$C$16,('Tính chọn'!$D$6+GiaDinh_K3!$D$8*Params!$C$6*C28)*'Tính chọn'!$D$23*Params!$C$16)+Catalogue!$F$15*C28/'Tính chọn'!$D$23) -> 1.6104389 | H28: =F28*D28/'Tính chọn'!$D$23 -> 139.97526
A29: =15*$B$5 -> 0.15 | B29: =IF(A29<$F$4,GiaDinh_K3!$D$12,IF(A29<$F$5,0,IF(A29<$F$6,-GiaDinh_K3!$D$12,IF(A29<$F$7,0,IF(A29<$F$8,-GiaDinh_K3!$D$12,IF(A29<$F$9,0,IF(A29<$F$10,GiaDinh_K3!$D$12,0))))))) -> 1.8 | C29: =IF(A29<$F$4,GiaDinh_K3!$D$12*A29,IF(A29<$F$5,GiaDinh_K3!$D$11,IF(A29<$F$6,GiaDinh_K3!$D$11-GiaDinh_K3!$D$12*(A29-$F$5),IF(A29<$F$7,0,IF(A29<$F$8,-GiaDinh_K3!$D$12*(A29-$F$7),IF(A29<$F$9,-GiaDinh_K3!$D$11,IF(A29<$F$10,-GiaDinh_K3!$D$11+GiaDinh_K3!$D$12*(A29-$F$9),0))))))) -> 0.27 | D29: =MAX(0,D28+(C28+C29)/2*$B$5) -> 0.02025 | E29: =E28+(D28+D29)/2*$B$5 -> 0.00101475 | F29: =IF(A29>$F$10,0,IF((Params!$C$21+GiaDinh_K3!$D$8*Params!$C$5*C29)>=0,(Params!$C$21+GiaDinh_K3!$D$8*Params!$C$5*C29)*'Tính chọn'!$D$23/Params!$C$16,(Params!$C$21+GiaDinh_K3!$D$8*Params!$C$5*C29)*'Tính chọn'!$D$23*Params!$C$16)+Catalogue!$F$15*C29/'Tính chọn'!$D$23) -> 6.707504 | G29: =IF(A29>$F$10,0,IF(('Tính chọn'!$D$6+GiaDinh_K3!$D$8*Params!$C$6*C29)>=0,('Tính chọn'!$D$6+GiaDinh_K3!$D$8*Params!$C$6*C29)*'Tính chọn'!$D$23/Params!$C$16,('Tính chọn'!$D$6+GiaDinh_K3!$D$8*Params!$C$6*C29)*'Tính chọn'!$D$23*Params!$C$16)+Catalogue!$F$15*C29/'Tính chọn'!$D$23) -> 1.7064683 | H29: =F29*D29/'Tính chọn'!$D$23 -> 168.79487
A30: =16*$B$5 -> 0.16 | B30: =IF(A30<$F$4,GiaDinh_K3!$D$12,IF(A30<$F$5,0,IF(A30<$F$6,-GiaDinh_K3!$D$12,IF(A30<$F$7,0,IF(A30<$F$8,-GiaDinh_K3!$D$12,IF(A30<$F$9,0,IF(A30<$F$10,GiaDinh_K3!$D$12,0))))))) -> 1.8 | C30: =IF(A30<$F$4,GiaDinh_K3!$D$12*A30,IF(A30<$F$5,GiaDinh_K3!$D$11,IF(A30<$F$6,GiaDinh_K3!$D$11-GiaDinh_K3!$D$12*(A30-$F$5),IF(A30<$F$7,0,IF(A30<$F$8,-GiaDinh_K3!$D$12*(A30-$F$7),IF(A30<$F$9,-GiaDinh_K3!$D$11,IF(A30<$F$10,-GiaDinh_K3!$D$11+GiaDinh_K3!$D$12*(A30-$F$9),0))))))) -> 0.288 | D30: =MAX(0,D29+(C29+C30)/2*$B$5) -> 0.02304 | E30: =E29+(D29+D30)/2*$B$5 -> 0.0012312 | F30: =IF(A30>$F$10,0,IF((Params!$C$21+GiaDinh_K3!$D$8*Params!$C$5*C30)>=0,(Params!$C$21+GiaDinh_K3!$D$8*Params!$C$5*C30)*'Tính chọn'!$D$23/Params!$C$16,(Params!$C$21+GiaDinh_K3!$D$8*Params!$C$5*C30)*'Tính chọn'!$D$23*Params!$C$16)+Catalogue!$F$15*C30/'Tính chọn'!$D$23) -> 7.0297356 | G30: =IF(A30>$F$10,0,IF(('Tính chọn'!$D$6+GiaDinh_K3!$D$8*Params!$C$6*C30)>=0,('Tính chọn'!$D$6+GiaDinh_K3!$D$8*Params!$C$6*C30)*'Tính chọn'!$D$23/Params!$C$16,('Tính chọn'!$D$6+GiaDinh_K3!$D$8*Params!$C$6*C30)*'Tính chọn'!$D$23*Params!$C$16)+Catalogue!$F$15*C30/'Tính chọn'!$D$23) -> 1.8024977 | H30: =F30*D30/'Tính chọn'!$D$23 -> 201.27728
A31: =17*$B$5 -> 0.17 | B31: =IF(A31<$F$4,GiaDinh_K3!$D$12,IF(A31<$F$5,0,IF(A31<$F$6,-GiaDinh_K3!$D$12,IF(A31<$F$7,0,IF(A31<$F$8,-GiaDinh_K3!$D$12,IF(A31<$F$9,0,IF(A31<$F$10,GiaDinh_K3!$D$12,0))))))) -> 1.8 | C31: =IF(A31<$F$4,GiaDinh_K3!$D$12*A31,IF(A31<$F$5,GiaDinh_K3!$D$11,IF(A31<$F$6,GiaDinh_K3!$D$11-GiaDinh_K3!$D$12*(A31-$F$5),IF(A31<$F$7,0,IF(A31<$F$8,-GiaDinh_K3!$D$12*(A31-$F$7),IF(A31<$F$9,-GiaDinh_K3!$D$11,IF(A31<$F$10,-GiaDinh_K3!$D$11+GiaDinh_K3!$D$12*(A31-$F$9),0))))))) -> 0.306 | D31: =MAX(0,D30+(C30+C31)/2*$B$5) -> 0.02601 | E31: =E30+(D30+D31)/2*$B$5 -> 0.00147645 | F31: =IF(A31>$F$10,0,IF((Params!$C$21+GiaDinh_K3!$D$8*Params!$C$5*C31)>=0,(Params!$C$21+GiaDinh_K3!$D$8*Params!$C$5*C31)*'Tính chọn'!$D$23/Params!$C$16,(Params!$C$21+GiaDinh_K3!$D$8*Params!$C$5*C31)*'Tính chọn'!$D$23*Params!$C$16)+Catalogue!$F$15*C31/'Tính chọn'!$D$23) -> 7.3519672 | G31: =IF(A31>$F$10,0,IF(('Tính chọn'!$D$6+GiaDinh_K3!$D$8*Params!$C$6*C31)>=0,('Tính chọn'!$D$6+GiaDinh_K3!$D$8*Params!$C$6*C31)*'Tính chọn'!$D$23/Params!$C$16,('Tính chọn'!$D$6+GiaDinh_K3!$D$8*Params!$C$6*C31)*'Tính chọn'!$D$23*Params!$C$16)+Catalogue!$F$15*C31/'Tính chọn'!$D$23) -> 1.8985272 | H31: =F31*D31/'Tính chọn'!$D$23 -> 237.63872
A32: =18*$B$5 -> 0.18 | B32: =IF(A32<$F$4,GiaDinh_K3!$D$12,IF(A32<$F$5,0,IF(A32<$F$6,-GiaDinh_K3!$D$12,IF(A32<$F$7,0,IF(A32<$F$8,-GiaDinh_K3!$D$12,IF(A32<$F$9,0,IF(A32<$F$10,GiaDinh_K3!$D$12,0))))))) -> 1.8 | C32: =IF(A32<$F$4,GiaDinh_K3!$D$12*A32,IF(A32<$F$5,GiaDinh_K3!$D$11,IF(A32<$F$6,GiaDinh_K3!$D$11-GiaDinh_K3!$D$12*(A32-$F$5),IF(A32<$F$7,0,IF(A32<$F$8,-GiaDinh_K3!$D$12*(A32-$F$7),IF(A32<$F$9,-GiaDinh_K3!$D$11,IF(A32<$F$10,-GiaDinh_K3!$D$11+GiaDinh_K3!$D$12*(A32-$F$9),0))))))) -> 0.324 | D32: =MAX(0,D31+(C31+C32)/2*$B$5) -> 0.02916 | E32: =E31+(D31+D32)/2*$B$5 -> 0.0017523 | F32: =IF(A32>$F$10,0,IF((Params!$C$21+GiaDinh_K3!$D$8*Params!$C$5*C32)>=0,(Params!$C$21+GiaDinh_K3!$D$8*Params!$C$5*C32)*'Tính chọn'!$D$23/Params!$C$16,(Params!$C$21+GiaDinh_K3!$D$8*Params!$C$5*C32)*'Tính chọn'!$D$23*Params!$C$16)+Catalogue!$F$15*C32/'Tính chọn'!$D$23) -> 7.6741988 | G32: =IF(A32>$F$10,0,IF(('Tính chọn'!$D$6+GiaDinh_K3!$D$8*Params!$C$6*C32)>=0,('Tính chọn'!$D$6+GiaDinh_K3!$D$8*Params!$C$6*C32)*'Tính chọn'!$D$23/Params!$C$16,('Tính chọn'!$D$6+GiaDinh_K3!$D$8*Params!$C$6*C32)*'Tính chọn'!$D$23*Params!$C$16)+Catalogue!$F$15*C32/'Tính chọn'!$D$23) -> 1.9945566 | H32: =F32*D32/'Tính chọn'!$D$23 -> 278.09543
A33: =19*$B$5 -> 0.19 | B33: =IF(A33<$F$4,GiaDinh_K3!$D$12,IF(A33<$F$5,0,IF(A33<$F$6,-GiaDinh_K3!$D$12,IF(A33<$F$7,0,IF(A33<$F$8,-GiaDinh_K3!$D$12,IF(A33<$F$9,0,IF(A33<$F$10,GiaDinh_K3!$D$12,0))))))) -> 1.8 | C33: =IF(A33<$F$4,GiaDinh_K3!$D$12*A33,IF(A33<$F$5,GiaDinh_K3!$D$11,IF(A33<$F$6,GiaDinh_K3!$D$11-GiaDinh_K3!$D$12*(A33-$F$5),IF(A33<$F$7,0,IF(A33<$F$8,-GiaDinh_K3!$D$12*(A33-$F$7),IF(A33<$F$9,-GiaDinh_K3!$D$11,IF(A33<$F$10,-GiaDinh_K3!$D$11+GiaDinh_K3!$D$12*(A33-$F$9),0))))))) -> 0.342 | D33: =MAX(0,D32+(C32+C33)/2*$B$5) -> 0.03249 | E33: =E32+(D32+D33)/2*$B$5 -> 0.00206055 | F33: =IF(A33>$F$10,0,IF((Params!$C$21+GiaDinh_K3!$D$8*Params!$C$5*C33)>=0,(Params!$C$21+GiaDinh_K3!$D$8*Params!$C$5*C33)*'Tính chọn'!$D$23/Params!$C$16,(Params!$C$21+GiaDinh_K3!$D$8*Params!$C$5*C33)*'Tính chọn'!$D$23*Params!$C$16)+Catalogue!$F$15*C33/'Tính chọn'!$D$23) -> 7.9964305 | G33: =IF(A33>$F$10,0,IF(('Tính chọn'!$D$6+GiaDinh_K3!$D$8*Params!$C$6*C33)>=0,('Tính chọn'!$D$6+GiaDinh_K3!$D$8*Params!$C$6*C33)*'Tính chọn'!$D$23/Params!$C$16,('Tính chọn'!$D$6+GiaDinh_K3!$D$8*Params!$C$6*C33)*'Tính chọn'!$D$23*Params!$C$16)+Catalogue!$F$15*C33/'Tính chọn'!$D$23) -> 2.090586 | H33: =F33*D33/'Tính chọn'!$D$23 -> 322.86366
A34: =20*$B$5 -> 0.2 | B34: =IF(A34<$F$4,GiaDinh_K3!$D$12,IF(A34<$F$5,0,IF(A34<$F$6,-GiaDinh_K3!$D$12,IF(A34<$F$7,0,IF(A34<$F$8,-GiaDinh_K3!$D$12,IF(A34<$F$9,0,IF(A34<$F$10,GiaDinh_K3!$D$12,0))))))) -> 1.8 | C34: =IF(A34<$F$4,GiaDinh_K3!$D$12*A34,IF(A34<$F$5,GiaDinh_K3!$D$11,IF(A34<$F$6,GiaDinh_K3!$D$11-GiaDinh_K3!$D$12*(A34-$F$5),IF(A34<$F$7,0,IF(A34<$F$8,-GiaDinh_K3!$D$12*(A34-$F$7),IF(A34<$F$9,-GiaDinh_K3!$D$11,IF(A34<$F$10,-GiaDinh_K3!$D$11+GiaDinh_K3!$D$12*(A34-$F$9),0))))))) -> 0.36 | D34: =MAX(0,D33+(C33+C34)/2*$B$5) -> 0.036 | E34: =E33+(D33+D34)/2*$B$5 -> 0.002403 | F34: =IF(A34>$F$10,0,IF((Params!$C$21+GiaDinh_K3!$D$8*Params!$C$5*C34)>=0,(Params!$C$21+GiaDinh_K3!$D$8*Params!$C$5*C34)*'Tính chọn'!$D$23/Params!$C$16,(Params!$C$21+GiaDinh_K3!$D$8*Params!$C$5*C34)*'Tính chọn'!$D$23*Params!$C$16)+Catalogue!$F$15*C34/'Tính chọn'!$D$23) -> 8.3186621 | G34: =IF(A34>$F$10,0,IF(('Tính chọn'!$D$6+GiaDinh_K3!$D$8*Params!$C$6*C34)>=0,('Tính chọn'!$D$6+GiaDinh_K3!$D$8*Params!$C$6*C34)*'Tính chọn'!$D$23/Params!$C$16,('Tính chọn'!$D$6+GiaDinh_K3!$D$8*Params!$C$6*C34)*'Tính chọn'!$D$23*Params!$C$16)+Catalogue!$F$15*C34/'Tính chọn'!$D$23) -> 2.1866154 | H34: =F34*D34/'Tính chọn'!$D$23 -> 372.15964
A35: =21*$B$5 -> 0.21 | B35: =IF(A35<$F$4,GiaDinh_K3!$D$12,IF(A35<$F$5,0,IF(A35<$F$6,-GiaDinh_K3!$D$12,IF(A35<$F$7,0,IF(A35<$F$8,-GiaDinh_K3!$D$12,IF(A35<$F$9,0,IF(A35<$F$10,GiaDinh_K3!$D$12,0))))))) -> 1.8 | C35: =IF(A35<$F$4,GiaDinh_K3!$D$12*A35,IF(A35<$F$5,GiaDinh_K3!$D$11,IF(A35<$F$6,GiaDinh_K3!$D$11-GiaDinh_K3!$D$12*(A35-$F$5),IF(A35<$F$7,0,IF(A35<$F$8,-GiaDinh_K3!$D$12*(A35-$F$7),IF(A35<$F$9,-GiaDinh_K3!$D$11,IF(A35<$F$10,-GiaDinh_K3!$D$11+GiaDinh_K3!$D$12*(A35-$F$9),0))))))) -> 0.378 | D35: =MAX(0,D34+(C34+C35)/2*$B$5) -> 0.03969 | E35: =E34+(D34+D35)/2*$B$5 -> 0.00278145 | F35: =IF(A35>$F$10,0,IF((Params!$C$21+GiaDinh_K3!$D$8*Params!$C$5*C35)>=0,(Params!$C$21+GiaDinh_K3!$D$8*Params!$C$5*C35)*'Tính chọn'!$D$23/Params!$C$16,(Params!$C$21+GiaDinh_K3!$D$8*Params!$C$5*C35)*'Tính chọn'!$D$23*Params!$C$16)+Catalogue!$F$15*C35/'Tính chọn'!$D$23) -> 8.6408937 | G35: =IF(A35>$F$10,0,IF(('Tính chọn'!$D$6+GiaDinh_K3!$D$8*Params!$C$6*C35)>=0,('Tính chọn'!$D$6+GiaDinh_K3!$D$8*Params!$C$6*C35)*'Tính chọn'!$D$23/Params!$C$16,('Tính chọn'!$D$6+GiaDinh_K3!$D$8*Params!$C$6*C35)*'Tính chọn'!$D$23*Params!$C$16)+Catalogue!$F$15*C35/'Tính chọn'!$D$23) -> 2.2826449 | H35: =F35*D35/'Tính chọn'!$D$23 -> 426.19961
A36: =22*$B$5 -> 0.22 | B36: =IF(A36<$F$4,GiaDinh_K3!$D$12,IF(A36<$F$5,0,IF(A36<$F$6,-GiaDinh_K3!$D$12,IF(A36<$F$7,0,IF(A36<$F$8,-GiaDinh_K3!$D$12,IF(A36<$F$9,0,IF(A36<$F$10,GiaDinh_K3!$D$12,0))))))) -> 1.8 | C36: =IF(A36<$F$4,GiaDinh_K3!$D$12*A36,IF(A36<$F$5,GiaDinh_K3!$D$11,IF(A36<$F$6,GiaDinh_K3!$D$11-GiaDinh_K3!$D$12*(A36-$F$5),IF(A36<$F$7,0,IF(A36<$F$8,-GiaDinh_K3!$D$12*(A36-$F$7),IF(A36<$F$9,-GiaDinh_K3!$D$11,IF(A36<$F$10,-GiaDinh_K3!$D$11+GiaDinh_K3!$D$12*(A36-$F$9),0))))))) -> 0.396 | D36: =MAX(0,D35+(C35+C36)/2*$B$5) -> 0.04356 | E36: =E35+(D35+D36)/2*$B$5 -> 0.0031977 | F36: =IF(A36>$F$10,0,IF((Params!$C$21+GiaDinh_K3!$D$8*Params!$C$5*C36)>=0,(Params!$C$21+GiaDinh_K3!$D$8*Params!$C$5*C36)*'Tính chọn'!$D$23/Params!$C$16,(Params!$C$21+GiaDinh_K3!$D$8*Params!$C$5*C36)*'Tính chọn'!$D$23*Params!$C$16)+Catalogue!$F$15*C36/'Tính chọn'!$D$23) -> 8.9631253 | G36: =IF(A36>$F$10,0,IF(('Tính chọn'!$D$6+GiaDinh_K3!$D$8*Params!$C$6*C36)>=0,('Tính chọn'!$D$6+GiaDinh_K3!$D$8*Params!$C$6*C36)*'Tính chọn'!$D$23/Params!$C$16,('Tính chọn'!$D$6+GiaDinh_K3!$D$8*Params!$C$6*C36)*'Tính chọn'!$D$23*Params!$C$16)+Catalogue!$F$15*C36/'Tính chọn'!$D$23) -> 2.3786743 | H36: =F36*D36/'Tính chọn'!$D$23 -> 485.19982
A37: =23*$B$5 -> 0.23 | B37: =IF(A37<$F$4,GiaDinh_K3!$D$12,IF(A37<$F$5,0,IF(A37<$F$6,-GiaDinh_K3!$D$12,IF(A37<$F$7,0,IF(A37<$F$8,-GiaDinh_K3!$D$12,IF(A37<$F$9,0,IF(A37<$F$10,GiaDinh_K3!$D$12,0))))))) -> 1.8 | C37: =IF(A37<$F$4,GiaDinh_K3!$D$12*A37,IF(A37<$F$5,GiaDinh_K3!$D$11,IF(A37<$F$6,GiaDinh_K3!$D$11-GiaDinh_K3!$D$12*(A37-$F$5),IF(A37<$F$7,0,IF(A37<$F$8,-GiaDinh_K3!$D$12*(A37-$F$7),IF(A37<$F$9,-GiaDinh_K3!$D$11,IF(A37<$F$10,-GiaDinh_K3!$D$11+GiaDinh_K3!$D$12*(A37-$F$9),0))))))) -> 0.414 | D37: =MAX(0,D36+(C36+C37)/2*$B$5) -> 0.04761 | E37: =E36+(D36+D37)/2*$B$5 -> 0.00365355 | F37: =IF(A37>$F$10,0,IF((Params!$C$21+GiaDinh_K3!$D$8*Params!$C$5*C37)>=0,(Params!$C$21+GiaDinh_K3!$D$8*Params!$C$5*C37)*'Tính chọn'!$D$23/Params!$C$16,(Params!$C$21+GiaDinh_K3!$D$8*Params!$C$5*C37)*'Tính chọn'!$D$23*Params!$C$16)+Catalogue!$F$15*C37/'Tính chọn'!$D$23) -> 9.285357 | G37: =IF(A37>$F$10,0,IF(('Tính chọn'!$D$6+GiaDinh_K3!$D$8*Params!$C$6*C37)>=0,('Tính chọn'!$D$6+GiaDinh_K3!$D$8*Params!$C$6*C37)*'Tính chọn'!$D$23/Params!$C$16,('Tính chọn'!$D$6+GiaDinh_K3!$D$8*Params!$C$6*C37)*'Tính chọn'!$D$23*Params!$C$16)+Catalogue!$F$15*C37/'Tính chọn'!$D$23) -> 2.4747037 | H37: =F37*D37/'Tính chọn'!$D$23 -> 549.37649
A38: =24*$B$5 -> 0.24 | B38: =IF(A38<$F$4,GiaDinh_K3!$D$12,IF(A38<$F$5,0,IF(A38<$F$6,-GiaDinh_K3!$D$12,IF(A38<$F$7,0,IF(A38<$F$8,-GiaDinh_K3!$D$12,IF(A38<$F$9,0,IF(A38<$F$10,GiaDinh_K3!$D$12,0))))))) -> 1.8 | C38: =IF(A38<$F$4,GiaDinh_K3!$D$12*A38,IF(A38<$F$5,GiaDinh_K3!$D$11,IF(A38<$F$6,GiaDinh_K3!$D$11-GiaDinh_K3!$D$12*(A38-$F$5),IF(A38<$F$7,0,IF(A38<$F$8,-GiaDinh_K3!$D$12*(A38-$F$7),IF(A38<$F$9,-GiaDinh_K3!$D$11,IF(A38<$F$10,-GiaDinh_K3!$D$11+GiaDinh_K3!$D$12*(A38-$F$9),0))))))) -> 0.432 | D38: =MAX(0,D37+(C37+C38)/2*$B$5) -> 0.05184 | E38: =E37+(D37+D38)/2*$B$5 -> 0.0041508 | F38: =IF(A38>$F$10,0,IF((Params!$C$21+GiaDinh_K3!$D$8*Params!$C$5*C38)>=0,(Params!$C$21+GiaDinh_K3!$D$8*Params!$C$5*C38)*'Tính chọn'!$D$23/Params!$C$16,(Params!$C$21+GiaDinh_K3!$D$8*Params!$C$5*C38)*'Tính chọn'!$D$23*Params!$C$16)+Catalogue!$F$15*C38/'Tính chọn'!$D$23) -> 9.6075886 | G38: =IF(A38>$F$10,0,IF(('Tính chọn'!$D$6+GiaDinh_K3!$D$8*Params!$C$6*C38)>=0,('Tính chọn'!$D$6+GiaDinh_K3!$D$8*Params!$C$6*C38)*'Tính chọn'!$D$23/Params!$C$16,('Tính chọn'!$D$6+GiaDinh_K3!$D$8*Params!$C$6*C38)*'Tính chọn'!$D$23*Params!$C$16)+Catalogue!$F$15*C38/'Tính chọn'!$D$23) -> 2.5707331 | H38: =F38*D38/'Tính chọn'!$D$23 -> 618.94588
A39: =25*$B$5 -> 0.25 | B39: =IF(A39<$F$4,GiaDinh_K3!$D$12,IF(A39<$F$5,0,IF(A39<$F$6,-GiaDinh_K3!$D$12,IF(A39<$F$7,0,IF(A39<$F$8,-GiaDinh_K3!$D$12,IF(A39<$F$9,0,IF(A39<$F$10,GiaDinh_K3!$D$12,0))))))) -> 0 | C39: =IF(A39<$F$4,GiaDinh_K3!$D$12*A39,IF(A39<$F$5,GiaDinh_K3!$D$11,IF(A39<$F$6,GiaDinh_K3!$D$11-GiaDinh_K3!$D$12*(A39-$F$5),IF(A39<$F$7,0,IF(A39<$F$8,-GiaDinh_K3!$D$12*(A39-$F$7),IF(A39<$F$9,-GiaDinh_K3!$D$11,IF(A39<$F$10,-GiaDinh_K3!$D$11+GiaDinh_K3!$D$12*(A39-$F$9),0))))))) -> 0.45 | D39: =MAX(0,D38+(C38+C39)/2*$B$5) -> 0.05625 | E39: =E38+(D38+D39)/2*$B$5 -> 0.00469125 | F39: =IF(A39>$F$10,0,IF((Params!$C$21+GiaDinh_K3!$D$8*Params!$C$5*C39)>=0,(Params!$C$21+GiaDinh_K3!$D$8*Params!$C$5*C39)*'Tính chọn'!$D$23/Params!$C$16,(Params!$C$21+GiaDinh_K3!$D$8*Params!$C$5*C39)*'Tính chọn'!$D$23*Params!$C$16)+Catalogue!$F$15*C39/'Tính chọn'!$D$23) -> 9.9298202 | G39: =IF(A39>$F$10,0,IF(('Tính chọn'!$D$6+GiaDinh_K3!$D$8*Params!$C$6*C39)>=0,('Tính chọn'!$D$6+GiaDinh_K3!$D$8*Params!$C$6*C39)*'Tính chọn'!$D$23/Params!$C$16,('Tính chọn'!$D$6+GiaDinh_K3!$D$8*Params!$C$6*C39)*'Tính chọn'!$D$23*Params!$C$16)+Catalogue!$F$15*C39/'Tính chọn'!$D$23) -> 2.6667626 | H39: =F39*D39/'Tính chọn'!$D$23 -> 694.12422
A40: =26*$B$5 -> 0.26 | B40: =IF(A40<$F$4,GiaDinh_K3!$D$12,IF(A40<$F$5,0,IF(A40<$F$6,-GiaDinh_K3!$D$12,IF(A40<$F$7,0,IF(A40<$F$8,-GiaDinh_K3!$D$12,IF(A40<$F$9,0,IF(A40<$F$10,GiaDinh_K3!$D$12,0))))))) -> 0 | C40: =IF(A40<$F$4,GiaDinh_K3!$D$12*A40,IF(A40<$F$5,GiaDinh_K3!$D$11,IF(A40<$F$6,GiaDinh_K3!$D$11-GiaDinh_K3!$D$12*(A40-$F$5),IF(A40<$F$7,0,IF(A40<$F$8,-GiaDinh_K3!$D$12*(A40-$F$7),IF(A40<$F$9,-GiaDinh_K3!$D$11,IF(A40<$F$10,-GiaDinh_K3!$D$11+GiaDinh_K3!$D$12*(A40-$F$9),0))))))) -> 0.45 | D40: =MAX(0,D39+(C39+C40)/2*$B$5) -> 0.06075 | E40: =E39+(D39+D40)/2*$B$5 -> 0.00527625 | F40: =IF(A40>$F$10,0,IF((Params!$C$21+GiaDinh_K3!$D$8*Params!$C$5*C40)>=0,(Params!$C$21+GiaDinh_K3!$D$8*Params!$C$5*C40)*'Tính chọn'!$D$23/Params!$C$16,(Params!$C$21+GiaDinh_K3!$D$8*Params!$C$5*C40)*'Tính chọn'!$D$23*Params!$C$16)+Catalogue!$F$15*C40/'Tính chọn'!$D$23) -> 9.9298202 | G40: =IF(A40>$F$10,0,IF(('Tính chọn'!$D$6+GiaDinh_K3!$D$8*Params!$C$6*C40)>=0,('Tính chọn'!$D$6+GiaDinh_K3!$D$8*Params!$C$6*C40)*'Tính chọn'!$D$23/Params!$C$16,('Tính chọn'!$D$6+GiaDinh_K3!$D$8*Params!$C$6*C40)*'Tính chọn'!$D$23*Params!$C$16)+Catalogue!$F$15*C40/'Tính chọn'!$D$23) -> 2.6667626 | H40: =F40*D40/'Tính chọn'!$D$23 -> 749.65416
A41: =27*$B$5 -> 0.27 | B41: =IF(A41<$F$4,GiaDinh_K3!$D$12,IF(A41<$F$5,0,IF(A41<$F$6,-GiaDinh_K3!$D$12,IF(A41<$F$7,0,IF(A41<$F$8,-GiaDinh_K3!$D$12,IF(A41<$F$9,0,IF(A41<$F$10,GiaDinh_K3!$D$12,0))))))) -> -1.8 | C41: =IF(A41<$F$4,GiaDinh_K3!$D$12*A41,IF(A41<$F$5,GiaDinh_K3!$D$11,IF(A41<$F$6,GiaDinh_K3!$D$11-GiaDinh_K3!$D$12*(A41-$F$5),IF(A41<$F$7,0,IF(A41<$F$8,-GiaDinh_K3!$D$12*(A41-$F$7),IF(A41<$F$9,-GiaDinh_K3!$D$11,IF(A41<$F$10,-GiaDinh_K3!$D$11+GiaDinh_K3!$D$12*(A41-$F$9),0))))))) -> 0.444 | D41: =MAX(0,D40+(C40+C41)/2*$B$5) -> 0.06522 | E41: =E40+(D40+D41)/2*$B$5 -> 0.0059061 | F41: =IF(A41>$F$10,0,IF((Params!$C$21+GiaDinh_K3!$D$8*Params!$C$5*C41)>=0,(Params!$C$21+GiaDinh_K3!$D$8*Params!$C$5*C41)*'Tính chọn'!$D$23/Params!$C$16,(Params!$C$21+GiaDinh_K3!$D$8*Params!$C$5*C41)*'Tính chọn'!$D$23*Params!$C$16)+Catalogue!$F$15*C41/'Tính chọn'!$D$23) -> 9.8224097 | G41: =IF(A41>$F$10,0,IF(('Tính chọn'!$D$6+GiaDinh_K3!$D$8*Params!$C$6*C41)>=0,('Tính chọn'!$D$6+GiaDinh_K3!$D$8*Params!$C$6*C41)*'Tính chọn'!$D$23/Params!$C$16,('Tính chọn'!$D$6+GiaDinh_K3!$D$8*Params!$C$6*C41)*'Tính chọn'!$D$23*Params!$C$16)+Catalogue!$F$15*C41/'Tính chọn'!$D$23) -> 2.6347528 | H41: =F41*D41/'Tính chọn'!$D$23 -> 796.10825
A42: =28*$B$5 -> 0.28 | B42: =IF(A42<$F$4,GiaDinh_K3!$D$12,IF(A42<$F$5,0,IF(A42<$F$6,-GiaDinh_K3!$D$12,IF(A42<$F$7,0,IF(A42<$F$8,-GiaDinh_K3!$D$12,IF(A42<$F$9,0,IF(A42<$F$10,GiaDinh_K3!$D$12,0))))))) -> -1.8 | C42: =IF(A42<$F$4,GiaDinh_K3!$D$12*A42,IF(A42<$F$5,GiaDinh_K3!$D$11,IF(A42<$F$6,GiaDinh_K3!$D$11-GiaDinh_K3!$D$12*(A42-$F$5),IF(A42<$F$7,0,IF(A42<$F$8,-GiaDinh_K3!$D$12*(A42-$F$7),IF(A42<$F$9,-GiaDinh_K3!$D$11,IF(A42<$F$10,-GiaDinh_K3!$D$11+GiaDinh_K3!$D$12*(A42-$F$9),0))))))) -> 0.426 | D42: =MAX(0,D41+(C41+C42)/2*$B$5) -> 0.06957 | E42: =E41+(D41+D42)/2*$B$5 -> 0.00658005 | F42: =IF(A42>$F$10,0,IF((Params!$C$21+GiaDinh_K3!$D$8*Params!$C$5*C42)>=0,(Params!$C$21+GiaDinh_K3!$D$8*Params!$C$5*C42)*'Tính chọn'!$D$23/Params!$C$16,(Params!$C$21+GiaDinh_K3!$D$8*Params!$C$5*C42)*'Tính chọn'!$D$23*Params!$C$16)+Catalogue!$F$15*C42/'Tính chọn'!$D$23) -> 9.5001781 | G42: =IF(A42>$F$10,0,IF(('Tính chọn'!$D$6+GiaDinh_K3!$D$8*Params!$C$6*C42)>=0,('Tính chọn'!$D$6+GiaDinh_K3!$D$8*Params!$C$6*C42)*'Tính chọn'!$D$23/Params!$C$16,('Tính chọn'!$D$6+GiaDinh_K3!$D$8*Params!$C$6*C42)*'Tính chọn'!$D$23*Params!$C$16)+Catalogue!$F$15*C42/'Tính chọn'!$D$23) -> 2.5387233 | H42: =F42*D42/'Tính chọn'!$D$23 -> 821.34768
A43: =29*$B$5 -> 0.29 | B43: =IF(A43<$F$4,GiaDinh_K3!$D$12,IF(A43<$F$5,0,IF(A43<$F$6,-GiaDinh_K3!$D$12,IF(A43<$F$7,0,IF(A43<$F$8,-GiaDinh_K3!$D$12,IF(A43<$F$9,0,IF(A43<$F$10,GiaDinh_K3!$D$12,0))))))) -> -1.8 | C43: =IF(A43<$F$4,GiaDinh_K3!$D$12*A43,IF(A43<$F$5,GiaDinh_K3!$D$11,IF(A43<$F$6,GiaDinh_K3!$D$11-GiaDinh_K3!$D$12*(A43-$F$5),IF(A43<$F$7,0,IF(A43<$F$8,-GiaDinh_K3!$D$12*(A43-$F$7),IF(A43<$F$9,-GiaDinh_K3!$D$11,IF(A43<$F$10,-GiaDinh_K3!$D$11+GiaDinh_K3!$D$12*(A43-$F$9),0))))))) -> 0.408 | D43: =MAX(0,D42+(C42+C43)/2*$B$5) -> 0.07374 | E43: =E42+(D42+D43)/2*$B$5 -> 0.0072966 | F43: =IF(A43>$F$10,0,IF((Params!$C$21+GiaDinh_K3!$D$8*Params!$C$5*C43)>=0,(Params!$C$21+GiaDinh_K3!$D$8*Params!$C$5*C43)*'Tính chọn'!$D$23/Params!$C$16,(Params!$C$21+GiaDinh_K3!$D$8*Params!$C$5*C43)*'Tính chọn'!$D$23*Params!$C$16)+Catalogue!$F$15*C43/'Tính chọn'!$D$23) -> 9.1779464 | G43: =IF(A43>$F$10,0,IF(('Tính chọn'!$D$6+GiaDinh_K3!$D$8*Params!$C$6*C43)>=0,('Tính chọn'!$D$6+GiaDinh_K3!$D$8*Params!$C$6*C43)*'Tính chọn'!$D$23/Params!$C$16,('Tính chọn'!$D$6+GiaDinh_K3!$D$8*Params!$C$6*C43)*'Tính chọn'!$D$23*Params!$C$16)+Catalogue!$F$15*C43/'Tính chọn'!$D$23) -> 2.4426939 | H43: =F43*D43/'Tính chọn'!$D$23 -> 841.05024
A44: =30*$B$5 -> 0.3 | B44: =IF(A44<$F$4,GiaDinh_K3!$D$12,IF(A44<$F$5,0,IF(A44<$F$6,-GiaDinh_K3!$D$12,IF(A44<$F$7,0,IF(A44<$F$8,-GiaDinh_K3!$D$12,IF(A44<$F$9,0,IF(A44<$F$10,GiaDinh_K3!$D$12,0))))))) -> -1.8 | C44: =IF(A44<$F$4,GiaDinh_K3!$D$12*A44,IF(A44<$F$5,GiaDinh_K3!$D$11,IF(A44<$F$6,GiaDinh_K3!$D$11-GiaDinh_K3!$D$12*(A44-$F$5),IF(A44<$F$7,0,IF(A44<$F$8,-GiaDinh_K3!$D$12*(A44-$F$7),IF(A44<$F$9,-GiaDinh_K3!$D$11,IF(A44<$F$10,-GiaDinh_K3!$D$11+GiaDinh_K3!$D$12*(A44-$F$9),0))))))) -> 0.39 | D44: =MAX(0,D43+(C43+C44)/2*$B$5) -> 0.07773 | E44: =E43+(D43+D44)/2*$B$5 -> 0.00805395 | F44: =IF(A44>$F$10,0,IF((Params!$C$21+GiaDinh_K3!$D$8*Params!$C$5*C44)>=0,(Params!$C$21+GiaDinh_K3!$D$8*Params!$C$5*C44)*'Tính chọn'!$D$23/Params!$C$16,(Params!$C$21+GiaDinh_K3!$D$8*Params!$C$5*C44)*'Tính chọn'!$D$23*Params!$C$16)+Catalogue!$F$15*C44/'Tính chọn'!$D$23) -> 8.8557148 | G44: =IF(A44>$F$10,0,IF(('Tính chọn'!$D$6+GiaDinh_K3!$D$8*Params!$C$6*C44)>=0,('Tính chọn'!$D$6+GiaDinh_K3!$D$8*Params!$C$6*C44)*'Tính chọn'!$D$23/Params!$C$16,('Tính chọn'!$D$6+GiaDinh_K3!$D$8*Params!$C$6*C44)*'Tính chọn'!$D$23*Params!$C$16)+Catalogue!$F$15*C44/'Tính chọn'!$D$23) -> 2.3466645 | H44: =F44*D44/'Tính chọn'!$D$23 -> 855.43217
A45: =31*$B$5 -> 0.31 | B45: =IF(A45<$F$4,GiaDinh_K3!$D$12,IF(A45<$F$5,0,IF(A45<$F$6,-GiaDinh_K3!$D$12,IF(A45<$F$7,0,IF(A45<$F$8,-GiaDinh_K3!$D$12,IF(A45<$F$9,0,IF(A45<$F$10,GiaDinh_K3!$D$12,0))))))) -> -1.8 | C45: =IF(A45<$F$4,GiaDinh_K3!$D$12*A45,IF(A45<$F$5,GiaDinh_K3!$D$11,IF(A45<$F$6,GiaDinh_K3!$D$11-GiaDinh_K3!$D$12*(A45-$F$5),IF(A45<$F$7,0,IF(A45<$F$8,-GiaDinh_K3!$D$12*(A45-$F$7),IF(A45<$F$9,-GiaDinh_K3!$D$11,IF(A45<$F$10,-GiaDinh_K3!$D$11+GiaDinh_K3!$D$12*(A45-$F$9),0))))))) -> 0.372 | D45: =MAX(0,D44+(C44+C45)/2*$B$5) -> 0.08154 | E45: =E44+(D44+D45)/2*$B$5 -> 0.0088503 | F45: =IF(A45>$F$10,0,IF((Params!$C$21+GiaDinh_K3!$D$8*Params!$C$5*C45)>=0,(Params!$C$21+GiaDinh_K3!$D$8*Params!$C$5*C45)*'Tính chọn'!$D$23/Params!$C$16,(Params!$C$21+GiaDinh_K3!$D$8*Params!$C$5*C45)*'Tính chọn'!$D$23*Params!$C$16)+Catalogue!$F$15*C45/'Tính chọn'!$D$23) -> 8.5334832 | G45: =IF(A45>$F$10,0,IF(('Tính chọn'!$D$6+GiaDinh_K3!$D$8*Params!$C$6*C45)>=0,('Tính chọn'!$D$6+GiaDinh_K3!$D$8*Params!$C$6*C45)*'Tính chọn'!$D$23/Params!$C$16,('Tính chọn'!$D$6+GiaDinh_K3!$D$8*Params!$C$6*C45)*'Tính chọn'!$D$23*Params!$C$16)+Catalogue!$F$15*C45/'Tính chọn'!$D$23) -> 2.2506351 | H45: =F45*D45/'Tính chọn'!$D$23 -> 864.7097
A46: =32*$B$5 -> 0.32 | B46: =IF(A46<$F$4,GiaDinh_K3!$D$12,IF(A46<$F$5,0,IF(A46<$F$6,-GiaDinh_K3!$D$12,IF(A46<$F$7,0,IF(A46<$F$8,-GiaDinh_K3!$D$12,IF(A46<$F$9,0,IF(A46<$F$10,GiaDinh_K3!$D$12,0))))))) -> -1.8 | C46: =IF(A46<$F$4,GiaDinh_K3!$D$12*A46,IF(A46<$F$5,GiaDinh_K3!$D$11,IF(A46<$F$6,GiaDinh_K3!$D$11-GiaDinh_K3!$D$12*(A46-$F$5),IF(A46<$F$7,0,IF(A46<$F$8,-GiaDinh_K3!$D$12*(A46-$F$7),IF(A46<$F$9,-GiaDinh_K3!$D$11,IF(A46<$F$10,-GiaDinh_K3!$D$11+GiaDinh_K3!$D$12*(A46-$F$9),0))))))) -> 0.354 | D46: =MAX(0,D45+(C45+C46)/2*$B$5) -> 0.08517 | E46: =E45+(D45+D46)/2*$B$5 -> 0.00968385 | F46: =IF(A46>$F$10,0,IF((Params!$C$21+GiaDinh_K3!$D$8*Params!$C$5*C46)>=0,(Params!$C$21+GiaDinh_K3!$D$8*Params!$C$5*C46)*'Tính chọn'!$D$23/Params!$C$16,(Params!$C$21+GiaDinh_K3!$D$8*Params!$C$5*C46)*'Tính chọn'!$D$23*Params!$C$16)+Catalogue!$F$15*C46/'Tính chọn'!$D$23) -> 8.2112515 | G46: =IF(A46>$F$10,0,IF(('Tính chọn'!$D$6+GiaDinh_K3!$D$8*Params!$C$6*C46)>=0,('Tính chọn'!$D$6+GiaDinh_K3!$D$8*Params!$C$6*C46)*'Tính chọn'!$D$23/Params!$C$16,('Tính chọn'!$D$6+GiaDinh_K3!$D$8*Params!$C$6*C46)*'Tính chọn'!$D$23*Params!$C$16)+Catalogue!$F$15*C46/'Tính chọn'!$D$23) -> 2.1546056 | H46: =F46*D46/'Tính chọn'!$D$23 -> 869.09908
A47: =33*$B$5 -> 0.33 | B47: =IF(A47<$F$4,GiaDinh_K3!$D$12,IF(A47<$F$5,0,IF(A47<$F$6,-GiaDinh_K3!$D$12,IF(A47<$F$7,0,IF(A47<$F$8,-GiaDinh_K3!$D$12,IF(A47<$F$9,0,IF(A47<$F$10,GiaDinh_K3!$D$12,0))))))) -> -1.8 | C47: =IF(A47<$F$4,GiaDinh_K3!$D$12*A47,IF(A47<$F$5,GiaDinh_K3!$D$11,IF(A47<$F$6,GiaDinh_K3!$D$11-GiaDinh_K3!$D$12*(A47-$F$5),IF(A47<$F$7,0,IF(A47<$F$8,-GiaDinh_K3!$D$12*(A47-$F$7),IF(A47<$F$9,-GiaDinh_K3!$D$11,IF(A47<$F$10,-GiaDinh_K3!$D$11+GiaDinh_K3!$D$12*(A47-$F$9),0))))))) -> 0.336 | D47: =MAX(0,D46+(C46+C47)/2*$B$5) -> 0.08862 | E47: =E46+(D46+D47)/2*$B$5 -> 0.0105528 | F47: =IF(A47>$F$10,0,IF((Params!$C$21+GiaDinh_K3!$D$8*Params!$C$5*C47)>=0,(Params!$C$21+GiaDinh_K3!$D$8*Params!$C$5*C47)*'Tính chọn'!$D$23/Params!$C$16,(Params!$C$21+GiaDinh_K3!$D$8*Params!$C$5*C47)*'Tính chọn'!$D$23*Params!$C$16)+Catalogue!$F$15*C47/'Tính chọn'!$D$23) -> 7.8890199 | G47: =IF(A47>$F$10,0,IF(('Tính chọn'!$D$6+GiaDinh_K3!$D$8*Params!$C$6*C47)>=0,('Tính chọn'!$D$6+GiaDinh_K3!$D$8*Params!$C$6*C47)*'Tính chọn'!$D$23/Params!$C$16,('Tính chọn'!$D$6+GiaDinh_K3!$D$8*Params!$C$6*C47)*'Tính chọn'!$D$23*Params!$C$16)+Catalogue!$F$15*C47/'Tính chọn'!$D$23) -> 2.0585762 | H47: =F47*D47/'Tính chọn'!$D$23 -> 868.81655
A48: =34*$B$5 -> 0.34 | B48: =IF(A48<$F$4,GiaDinh_K3!$D$12,IF(A48<$F$5,0,IF(A48<$F$6,-GiaDinh_K3!$D$12,IF(A48<$F$7,0,IF(A48<$F$8,-GiaDinh_K3!$D$12,IF(A48<$F$9,0,IF(A48<$F$10,GiaDinh_K3!$D$12,0))))))) -> -1.8 | C48: =IF(A48<$F$4,GiaDinh_K3!$D$12*A48,IF(A48<$F$5,GiaDinh_K3!$D$11,IF(A48<$F$6,GiaDinh_K3!$D$11-GiaDinh_K3!$D$12*(A48-$F$5),IF(A48<$F$7,0,IF(A48<$F$8,-GiaDinh_K3!$D$12*(A48-$F$7),IF(A48<$F$9,-GiaDinh_K3!$D$11,IF(A48<$F$10,-GiaDinh_K3!$D$11+GiaDinh_K3!$D$12*(A48-$F$9),0))))))) -> 0.318 | D48: =MAX(0,D47+(C47+C48)/2*$B$5) -> 0.09189 | E48: =E47+(D47+D48)/2*$B$5 -> 0.01145535 | F48: =IF(A48>$F$10,0,IF((Params!$C$21+GiaDinh_K3!$D$8*Params!$C$5*C48)>=0,(Params!$C$21+GiaDinh_K3!$D$8*Params!$C$5*C48)*'Tính chọn'!$D$23/Params!$C$16,(Params!$C$21+GiaDinh_K3!$D$8*Params!$C$5*C48)*'Tính chọn'!$D$23*Params!$C$16)+Catalogue!$F$15*C48/'Tính chọn'!$D$23) -> 7.5667883 | G48: =IF(A48>$F$10,0,IF(('Tính chọn'!$D$6+GiaDinh_K3!$D$8*Params!$C$6*C48)>=0,('Tính chọn'!$D$6+GiaDinh_K3!$D$8*Params!$C$6*C48)*'Tính chọn'!$D$23/Params!$C$16,('Tính chọn'!$D$6+GiaDinh_K3!$D$8*Params!$C$6*C48)*'Tính chọn'!$D$23*Params!$C$16)+Catalogue!$F$15*C48/'Tính chọn'!$D$23) -> 1.9625468 | H48: =F48*D48/'Tính chọn'!$D$23 -> 864.07835
A49: =35*$B$5 -> 0.35 | B49: =IF(A49<$F$4,GiaDinh_K3!$D$12,IF(A49<$F$5,0,IF(A49<$F$6,-GiaDinh_K3!$D$12,IF(A49<$F$7,0,IF(A49<$F$8,-GiaDinh_K3!$D$12,IF(A49<$F$9,0,IF(A49<$F$10,GiaDinh_K3!$D$12,0))))))) -> -1.8 | C49: =IF(A49<$F$4,GiaDinh_K3!$D$12*A49,IF(A49<$F$5,GiaDinh_K3!$D$11,IF(A49<$F$6,GiaDinh_K3!$D$11-GiaDinh_K3!$D$12*(A49-$F$5),IF(A49<$F$7,0,IF(A49<$F$8,-GiaDinh_K3!$D$12*(A49-$F$7),IF(A49<$F$9,-GiaDinh_K3!$D$11,IF(A49<$F$10,-GiaDinh_K3!$D$11+GiaDinh_K3!$D$12*(A49-$F$9),0))))))) -> 0.3 | D49: =MAX(0,D48+(C48+C49)/2*$B$5) -> 0.09498 | E49: =E48+(D48+D49)/2*$B$5 -> 0.0123897 | F49: =IF(A49>$F$10,0,IF((Params!$C$21+GiaDinh_K3!$D$8*Params!$C$5*C49)>=0,(Params!$C$21+GiaDinh_K3!$D$8*Params!$C$5*C49)*'Tính chọn'!$D$23/Params!$C$16,(Params!$C$21+GiaDinh_K3!$D$8*Params!$C$5*C49)*'Tính chọn'!$D$23*Params!$C$16)+Catalogue!$F$15*C49/'Tính chọn'!$D$23) -> 7.2445567 | G49: =IF(A49>$F$10,0,IF(('Tính chọn'!$D$6+GiaDinh_K3!$D$8*Params!$C$6*C49)>=0,('Tính chọn'!$D$6+GiaDinh_K3!$D$8*Params!$C$6*C49)*'Tính chọn'!$D$23/Params!$C$16,('Tính chọn'!$D$6+GiaDinh_K3!$D$8*Params!$C$6*C49)*'Tính chọn'!$D$23*Params!$C$16)+Catalogue!$F$15*C49/'Tính chọn'!$D$23) -> 1.8665174 | H49: =F49*D49/'Tính chọn'!$D$23 -> 855.10071
A50: =36*$B$5 -> 0.36 | B50: =IF(A50<$F$4,GiaDinh_K3!$D$12,IF(A50<$F$5,0,IF(A50<$F$6,-GiaDinh_K3!$D$12,IF(A50<$F$7,0,IF(A50<$F$8,-GiaDinh_K3!$D$12,IF(A50<$F$9,0,IF(A50<$F$10,GiaDinh_K3!$D$12,0))))))) -> -1.8 | C50: =IF(A50<$F$4,GiaDinh_K3!$D$12*A50,IF(A50<$F$5,GiaDinh_K3!$D$11,IF(A50<$F$6,GiaDinh_K3!$D$11-GiaDinh_K3!$D$12*(A50-$F$5),IF(A50<$F$7,0,IF(A50<$F$8,-GiaDinh_K3!$D$12*(A50-$F$7),IF(A50<$F$9,-GiaDinh_K3!$D$11,IF(A50<$F$10,-GiaDinh_K3!$D$11+GiaDinh_K3!$D$12*(A50-$F$9),0))))))) -> 0.282 | D50: =MAX(0,D49+(C49+C50)/2*$B$5) -> 0.09789 | E50: =E49+(D49+D50)/2*$B$5 -> 0.01335405 | F50: =IF(A50>$F$10,0,IF((Params!$C$21+GiaDinh_K3!$D$8*Params!$C$5*C50)>=0,(Params!$C$21+GiaDinh_K3!$D$8*Params!$C$5*C50)*'Tính chọn'!$D$23/Params!$C$16,(Params!$C$21+GiaDinh_K3!$D$8*Params!$C$5*C50)*'Tính chọn'!$D$23*Params!$C$16)+Catalogue!$F$15*C50/'Tính chọn'!$D$23) -> 6.922325 | G50: =IF(A50>$F$10,0,IF(('Tính chọn'!$D$6+GiaDinh_K3!$D$8*Params!$C$6*C50)>=0,('Tính chọn'!$D$6+GiaDinh_K3!$D$8*Params!$C$6*C50)*'Tính chọn'!$D$23/Params!$C$16,('Tính chọn'!$D$6+GiaDinh_K3!$D$8*Params!$C$6*C50)*'Tính chọn'!$D$23*Params!$C$16)+Catalogue!$F$15*C50/'Tính chọn'!$D$23) -> 1.7704879 | H50: =F50*D50/'Tính chọn'!$D$23 -> 842.09988
A51: =37*$B$5 -> 0.37 | B51: =IF(A51<$F$4,GiaDinh_K3!$D$12,IF(A51<$F$5,0,IF(A51<$F$6,-GiaDinh_K3!$D$12,IF(A51<$F$7,0,IF(A51<$F$8,-GiaDinh_K3!$D$12,IF(A51<$F$9,0,IF(A51<$F$10,GiaDinh_K3!$D$12,0))))))) -> -1.8 | C51: =IF(A51<$F$4,GiaDinh_K3!$D$12*A51,IF(A51<$F$5,GiaDinh_K3!$D$11,IF(A51<$F$6,GiaDinh_K3!$D$11-GiaDinh_K3!$D$12*(A51-$F$5),IF(A51<$F$7,0,IF(A51<$F$8,-GiaDinh_K3!$D$12*(A51-$F$7),IF(A51<$F$9,-GiaDinh_K3!$D$11,IF(A51<$F$10,-GiaDinh_K3!$D$11+GiaDinh_K3!$D$12*(A51-$F$9),0))))))) -> 0.264 | D51: =MAX(0,D50+(C50+C51)/2*$B$5) -> 0.10062 | E51: =E50+(D50+D51)/2*$B$5 -> 0.0143466 | F51: =IF(A51>$F$10,0,IF((Params!$C$21+GiaDinh_K3!$D$8*Params!$C$5*C51)>=0,(Params!$C$21+GiaDinh_K3!$D$8*Params!$C$5*C51)*'Tính chọn'!$D$23/Params!$C$16,(Params!$C$21+GiaDinh_K3!$D$8*Params!$C$5*C51)*'Tính chọn'!$D$23*Params!$C$16)+Catalogue!$F$15*C51/'Tính chọn'!$D$23) -> 6.6000934 | G51: =IF(A51>$F$10,0,IF(('Tính chọn'!$D$6+GiaDinh_K3!$D$8*Params!$C$6*C51)>=0,('Tính chọn'!$D$6+GiaDinh_K3!$D$8*Params!$C$6*C51)*'Tính chọn'!$D$23/Params!$C$16,('Tính chọn'!$D$6+GiaDinh_K3!$D$8*Params!$C$6*C51)*'Tính chọn'!$D$23*Params!$C$16)+Catalogue!$F$15*C51/'Tính chọn'!$D$23) -> 1.6744585 | H51: =F51*D51/'Tính chọn'!$D$23 -> 825.29209
A52: =38*$B$5 -> 0.38 | B52: =IF(A52<$F$4,GiaDinh_K3!$D$12,IF(A52<$F$5,0,IF(A52<$F$6,-GiaDinh_K3!$D$12,IF(A52<$F$7,0,IF(A52<$F$8,-GiaDinh_K3!$D$12,IF(A52<$F$9,0,IF(A52<$F$10,GiaDinh_K3!$D$12,0))))))) -> -1.8 | C52: =IF(A52<$F$4,GiaDinh_K3!$D$12*A52,IF(A52<$F$5,GiaDinh_K3!$D$11,IF(A52<$F$6,GiaDinh_K3!$D$11-GiaDinh_K3!$D$12*(A52-$F$5),IF(A52<$F$7,0,IF(A52<$F$8,-GiaDinh_K3!$D$12*(A52-$F$7),IF(A52<$F$9,-GiaDinh_K3!$D$11,IF(A52<$F$10,-GiaDinh_K3!$D$11+GiaDinh_K3!$D$12*(A52-$F$9),0))))))) -> 0.246 | D52: =MAX(0,D51+(C51+C52)/2*$B$5) -> 0.10317 | E52: =E51+(D51+D52)/2*$B$5 -> 0.01536555 | F52: =IF(A52>$F$10,0,IF((Params!$C$21+GiaDinh_K3!$D$8*Params!$C$5*C52)>=0,(Params!$C$21+GiaDinh_K3!$D$8*Params!$C$5*C52)*'Tính chọn'!$D$23/Params!$C$16,(Params!$C$21+GiaDinh_K3!$D$8*Params!$C$5*C52)*'Tính chọn'!$D$23*Params!$C$16)+Catalogue!$F$15*C52/'Tính chọn'!$D$23) -> 6.2778618 | G52: =IF(A52>$F$10,0,IF(('Tính chọn'!$D$6+GiaDinh_K3!$D$8*Params!$C$6*C52)>=0,('Tính chọn'!$D$6+GiaDinh_K3!$D$8*Params!$C$6*C52)*'Tính chọn'!$D$23/Params!$C$16,('Tính chọn'!$D$6+GiaDinh_K3!$D$8*Params!$C$6*C52)*'Tính chọn'!$D$23*Params!$C$16)+Catalogue!$F$15*C52/'Tính chọn'!$D$23) -> 1.5784291 | H52: =F52*D52/'Tính chọn'!$D$23 -> 804.89359
A53: =39*$B$5 -> 0.39 | B53: =IF(A53<$F$4,GiaDinh_K3!$D$12,IF(A53<$F$5,0,IF(A53<$F$6,-GiaDinh_K3!$D$12,IF(A53<$F$7,0,IF(A53<$F$8,-GiaDinh_K3!$D$12,IF(A53<$F$9,0,IF(A53<$F$10,GiaDinh_K3!$D$12,0))))))) -> -1.8 | C53: =IF(A53<$F$4,GiaDinh_K3!$D$12*A53,IF(A53<$F$5,GiaDinh_K3!$D$11,IF(A53<$F$6,GiaDinh_K3!$D$11-GiaDinh_K3!$D$12*(A53-$F$5),IF(A53<$F$7,0,IF(A53<$F$8,-GiaDinh_K3!$D$12*(A53-$F$7),IF(A53<$F$9,-GiaDinh_K3!$D$11,IF(A53<$F$10,-GiaDinh_K3!$D$11+GiaDinh_K3!$D$12*(A53-$F$9),0))))))) -> 0.228 | D53: =MAX(0,D52+(C52+C53)/2*$B$5) -> 0.10554 | E53: =E52+(D52+D53)/2*$B$5 -> 0.0164091 | F53: =IF(A53>$F$10,0,IF((Params!$C$21+GiaDinh_K3!$D$8*Params!$C$5*C53)>=0,(Params!$C$21+GiaDinh_K3!$D$8*Params!$C$5*C53)*'Tính chọn'!$D$23/Params!$C$16,(Params!$C$21+GiaDinh_K3!$D$8*Params!$C$5*C53)*'Tính chọn'!$D$23*Params!$C$16)+Catalogue!$F$15*C53/'Tính chọn'!$D$23) -> 5.9556302 | G53: =IF(A53>$F$10,0,IF(('Tính chọn'!$D$6+GiaDinh_K3!$D$8*Params!$C$6*C53)>=0,('Tính chọn'!$D$6+GiaDinh_K3!$D$8*Params!$C$6*C53)*'Tính chọn'!$D$23/Params!$C$16,('Tính chọn'!$D$6+GiaDinh_K3!$D$8*Params!$C$6*C53)*'Tính chọn'!$D$23*Params!$C$16)+Catalogue!$F$15*C53/'Tính chọn'!$D$23) -> 1.4823997 | H53: =F53*D53/'Tính chọn'!$D$23 -> 781.12061
A54: =40*$B$5 -> 0.4 | B54: =IF(A54<$F$4,GiaDinh_K3!$D$12,IF(A54<$F$5,0,IF(A54<$F$6,-GiaDinh_K3!$D$12,IF(A54<$F$7,0,IF(A54<$F$8,-GiaDinh_K3!$D$12,IF(A54<$F$9,0,IF(A54<$F$10,GiaDinh_K3!$D$12,0))))))) -> -1.8 | C54: =IF(A54<$F$4,GiaDinh_K3!$D$12*A54,IF(A54<$F$5,GiaDinh_K3!$D$11,IF(A54<$F$6,GiaDinh_K3!$D$11-GiaDinh_K3!$D$12*(A54-$F$5),IF(A54<$F$7,0,IF(A54<$F$8,-GiaDinh_K3!$D$12*(A54-$F$7),IF(A54<$F$9,-GiaDinh_K3!$D$11,IF(A54<$F$10,-GiaDinh_K3!$D$11+GiaDinh_K3!$D$12*(A54-$F$9),0))))))) -> 0.21 | D54: =MAX(0,D53+(C53+C54)/2*$B$5) -> 0.10773 | E54: =E53+(D53+D54)/2*$B$5 -> 0.01747545 | F54: =IF(A54>$F$10,0,IF((Params!$C$21+GiaDinh_K3!$D$8*Params!$C$5*C54)>=0,(Params!$C$21+GiaDinh_K3!$D$8*Params!$C$5*C54)*'Tính chọn'!$D$23/Params!$C$16,(Params!$C$21+GiaDinh_K3!$D$8*Params!$C$5*C54)*'Tính chọn'!$D$23*Params!$C$16)+Catalogue!$F$15*C54/'Tính chọn'!$D$23) -> 5.6333985 | G54: =IF(A54>$F$10,0,IF(('Tính chọn'!$D$6+GiaDinh_K3!$D$8*Params!$C$6*C54)>=0,('Tính chọn'!$D$6+GiaDinh_K3!$D$8*Params!$C$6*C54)*'Tính chọn'!$D$23/Params!$C$16,('Tính chọn'!$D$6+GiaDinh_K3!$D$8*Params!$C$6*C54)*'Tính chọn'!$D$23*Params!$C$16)+Catalogue!$F$15*C54/'Tính chọn'!$D$23) -> 1.3863702 | H54: =F54*D54/'Tính chọn'!$D$23 -> 754.1894
A55: =41*$B$5 -> 0.41 | B55: =IF(A55<$F$4,GiaDinh_K3!$D$12,IF(A55<$F$5,0,IF(A55<$F$6,-GiaDinh_K3!$D$12,IF(A55<$F$7,0,IF(A55<$F$8,-GiaDinh_K3!$D$12,IF(A55<$F$9,0,IF(A55<$F$10,GiaDinh_K3!$D$12,0))))))) -> -1.8 | C55: =IF(A55<$F$4,GiaDinh_K3!$D$12*A55,IF(A55<$F$5,GiaDinh_K3!$D$11,IF(A55<$F$6,GiaDinh_K3!$D$11-GiaDinh_K3!$D$12*(A55-$F$5),IF(A55<$F$7,0,IF(A55<$F$8,-GiaDinh_K3!$D$12*(A55-$F$7),IF(A55<$F$9,-GiaDinh_K3!$D$11,IF(A55<$F$10,-GiaDinh_K3!$D$11+GiaDinh_K3!$D$12*(A55-$F$9),0))))))) -> 0.192 | D55: =MAX(0,D54+(C54+C55)/2*$B$5) -> 0.10974 | E55: =E54+(D54+D55)/2*$B$5 -> 0.0185628 | F55: =IF(A55>$F$10,0,IF((Params!$C$21+GiaDinh_K3!$D$8*Params!$C$5*C55)>=0,(Params!$C$21+GiaDinh_K3!$D$8*Params!$C$5*C55)*'Tính chọn'!$D$23/Params!$C$16,(Params!$C$21+GiaDinh_K3!$D$8*Params!$C$5*C55)*'Tính chọn'!$D$23*Params!$C$16)+Catalogue!$F$15*C55/'Tính chọn'!$D$23) -> 5.3111669 | G55: =IF(A55>$F$10,0,IF(('Tính chọn'!$D$6+GiaDinh_K3!$D$8*Params!$C$6*C55)>=0,('Tính chọn'!$D$6+GiaDinh_K3!$D$8*Params!$C$6*C55)*'Tính chọn'!$D$23/Params!$C$16,('Tính chọn'!$D$6+GiaDinh_K3!$D$8*Params!$C$6*C55)*'Tính chọn'!$D$23*Params!$C$16)+Catalogue!$F$15*C55/'Tính chọn'!$D$23) -> 1.2903408 | H55: =F55*D55/'Tính chọn'!$D$23 -> 724.31619
A56: =42*$B$5 -> 0.42 | B56: =IF(A56<$F$4,GiaDinh_K3!$D$12,IF(A56<$F$5,0,IF(A56<$F$6,-GiaDinh_K3!$D$12,IF(A56<$F$7,0,IF(A56<$F$8,-GiaDinh_K3!$D$12,IF(A56<$F$9,0,IF(A56<$F$10,GiaDinh_K3!$D$12,0))))))) -> -1.8 | C56: =IF(A56<$F$4,GiaDinh_K3!$D$12*A56,IF(A56<$F$5,GiaDinh_K3!$D$11,IF(A56<$F$6,GiaDinh_K3!$D$11-GiaDinh_K3!$D$12*(A56-$F$5),IF(A56<$F$7,0,IF(A56<$F$8,-GiaDinh_K3!$D$12*(A56-$F$7),IF(A56<$F$9,-GiaDinh_K3!$D$11,IF(A56<$F$10,-GiaDinh_K3!$D$11+GiaDinh_K3!$D$12*(A56-$F$9),0))))))) -> 0.174 | D56: =MAX(0,D55+(C55+C56)/2*$B$5) -> 0.11157 | E56: =E55+(D55+D56)/2*$B$5 -> 0.01966935 | F56: =IF(A56>$F$10,0,IF((Params!$C$21+GiaDinh_K3!$D$8*Params!$C$5*C56)>=0,(Params!$C$21+GiaDinh_K3!$D$8*Params!$C$5*C56)*'Tính chọn'!$D$23/Params!$C$16,(Params!$C$21+GiaDinh_K3!$D$8*Params!$C$5*C56)*'Tính chọn'!$D$23*Params!$C$16)+Catalogue!$F$15*C56/'Tính chọn'!$D$23) -> 4.9889353 | G56: =IF(A56>$F$10,0,IF(('Tính chọn'!$D$6+GiaDinh_K3!$D$8*Params!$C$6*C56)>=0,('Tính chọn'!$D$6+GiaDinh_K3!$D$8*Params!$C$6*C56)*'Tính chọn'!$D$23/Params!$C$16,('Tính chọn'!$D$6+GiaDinh_K3!$D$8*Params!$C$6*C56)*'Tính chọn'!$D$23*Params!$C$16)+Catalogue!$F$15*C56/'Tính chọn'!$D$23) -> 1.1943114 | H56: =F56*D56/'Tính chọn'!$D$23 -> 691.71722
A57: =43*$B$5 -> 0.43 | B57: =IF(A57<$F$4,GiaDinh_K3!$D$12,IF(A57<$F$5,0,IF(A57<$F$6,-GiaDinh_K3!$D$12,IF(A57<$F$7,0,IF(A57<$F$8,-GiaDinh_K3!$D$12,IF(A57<$F$9,0,IF(A57<$F$10,GiaDinh_K3!$D$12,0))))))) -> -1.8 | C57: =IF(A57<$F$4,GiaDinh_K3!$D$12*A57,IF(A57<$F$5,GiaDinh_K3!$D$11,IF(A57<$F$6,GiaDinh_K3!$D$11-GiaDinh_K3!$D$12*(A57-$F$5),IF(A57<$F$7,0,IF(A57<$F$8,-GiaDinh_K3!$D$12*(A57-$F$7),IF(A57<$F$9,-GiaDinh_K3!$D$11,IF(A57<$F$10,-GiaDinh_K3!$D$11+GiaDinh_K3!$D$12*(A57-$F$9),0))))))) -> 0.156 | D57: =MAX(0,D56+(C56+C57)/2*$B$5) -> 0.11322 | E57: =E56+(D56+D57)/2*$B$5 -> 0.0207933 | F57: =IF(A57>$F$10,0,IF((Params!$C$21+GiaDinh_K3!$D$8*Params!$C$5*C57)>=0,(Params!$C$21+GiaDinh_K3!$D$8*Params!$C$5*C57)*'Tính chọn'!$D$23/Params!$C$16,(Params!$C$21+GiaDinh_K3!$D$8*Params!$C$5*C57)*'Tính chọn'!$D$23*Params!$C$16)+Catalogue!$F$15*C57/'Tính chọn'!$D$23) -> 4.6667036 | G57: =IF(A57>$F$10,0,IF(('Tính chọn'!$D$6+GiaDinh_K3!$D$8*Params!$C$6*C57)>=0,('Tính chọn'!$D$6+GiaDinh_K3!$D$8*Params!$C$6*C57)*'Tính chọn'!$D$23/Params!$C$16,('Tính chọn'!$D$6+GiaDinh_K3!$D$8*Params!$C$6*C57)*'Tính chọn'!$D$23*Params!$C$16)+Catalogue!$F$15*C57/'Tính chọn'!$D$23) -> 1.098282 | H57: =F57*D57/'Tính chọn'!$D$23 -> 656.60874
A58: =44*$B$5 -> 0.44 | B58: =IF(A58<$F$4,GiaDinh_K3!$D$12,IF(A58<$F$5,0,IF(A58<$F$6,-GiaDinh_K3!$D$12,IF(A58<$F$7,0,IF(A58<$F$8,-GiaDinh_K3!$D$12,IF(A58<$F$9,0,IF(A58<$F$10,GiaDinh_K3!$D$12,0))))))) -> -1.8 | C58: =IF(A58<$F$4,GiaDinh_K3!$D$12*A58,IF(A58<$F$5,GiaDinh_K3!$D$11,IF(A58<$F$6,GiaDinh_K3!$D$11-GiaDinh_K3!$D$12*(A58-$F$5),IF(A58<$F$7,0,IF(A58<$F$8,-GiaDinh_K3!$D$12*(A58-$F$7),IF(A58<$F$9,-GiaDinh_K3!$D$11,IF(A58<$F$10,-GiaDinh_K3!$D$11+GiaDinh_K3!$D$12*(A58-$F$9),0))))))) -> 0.138 | D58: =MAX(0,D57+(C57+C58)/2*$B$5) -> 0.11469 | E58: =E57+(D57+D58)/2*$B$5 -> 0.02193285 | F58: =IF(A58>$F$10,0,IF((Params!$C$21+GiaDinh_K3!$D$8*Params!$C$5*C58)>=0,(Params!$C$21+GiaDinh_K3!$D$8*Params!$C$5*C58)*'Tính chọn'!$D$23/Params!$C$16,(Params!$C$21+GiaDinh_K3!$D$8*Params!$C$5*C58)*'Tính chọn'!$D$23*Params!$C$16)+Catalogue!$F$15*C58/'Tính chọn'!$D$23) -> 4.344472 | G58: =IF(A58>$F$10,0,IF(('Tính chọn'!$D$6+GiaDinh_K3!$D$8*Params!$C$6*C58)>=0,('Tính chọn'!$D$6+GiaDinh_K3!$D$8*Params!$C$6*C58)*'Tính chọn'!$D$23/Params!$C$16,('Tính chọn'!$D$6+GiaDinh_K3!$D$8*Params!$C$6*C58)*'Tính chọn'!$D$23*Params!$C$16)+Catalogue!$F$15*C58/'Tính chọn'!$D$23) -> 1.0022525 | H58: =F58*D58/'Tính chọn'!$D$23 -> 619.20698
A59: =45*$B$5 -> 0.45 | B59: =IF(A59<$F$4,GiaDinh_K3!$D$12,IF(A59<$F$5,0,IF(A59<$F$6,-GiaDinh_K3!$D$12,IF(A59<$F$7,0,IF(A59<$F$8,-GiaDinh_K3!$D$12,IF(A59<$F$9,0,IF(A59<$F$10,GiaDinh_K3!$D$12,0))))))) -> -1.8 | C59: =IF(A59<$F$4,GiaDinh_K3!$D$12*A59,IF(A59<$F$5,GiaDinh_K3!$D$11,IF(A59<$F$6,GiaDinh_K3!$D$11-GiaDinh_K3!$D$12*(A59-$F$5),IF(A59<$F$7,0,IF(A59<$F$8,-GiaDinh_K3!$D$12*(A59-$F$7),IF(A59<$F$9,-GiaDinh_K3!$D$11,IF(A59<$F$10,-GiaDinh_K3!$D$11+GiaDinh_K3!$D$12*(A59-$F$9),0))))))) -> 0.12 | D59: =MAX(0,D58+(C58+C59)/2*$B$5) -> 0.11598 | E59: =E58+(D58+D59)/2*$B$5 -> 0.0230862 | F59: =IF(A59>$F$10,0,IF((Params!$C$21+GiaDinh_K3!$D$8*Params!$C$5*C59)>=0,(Params!$C$21+GiaDinh_K3!$D$8*Params!$C$5*C59)*'Tính chọn'!$D$23/Params!$C$16,(Params!$C$21+GiaDinh_K3!$D$8*Params!$C$5*C59)*'Tính chọn'!$D$23*Params!$C$16)+Catalogue!$F$15*C59/'Tính chọn'!$D$23) -> 4.0222404 | G59: =IF(A59>$F$10,0,IF(('Tính chọn'!$D$6+GiaDinh_K3!$D$8*Params!$C$6*C59)>=0,('Tính chọn'!$D$6+GiaDinh_K3!$D$8*Params!$C$6*C59)*'Tính chọn'!$D$23/Params!$C$16,('Tính chọn'!$D$6+GiaDinh_K3!$D$8*Params!$C$6*C59)*'Tính chọn'!$D$23*Params!$C$16)+Catalogue!$F$15*C59/'Tính chọn'!$D$23) -> 0.90622311 | H59: =F59*D59/'Tính chọn'!$D$23 -> 579.72819
A60: =46*$B$5 -> 0.46 | B60: =IF(A60<$F$4,GiaDinh_K3!$D$12,IF(A60<$F$5,0,IF(A60<$F$6,-GiaDinh_K3!$D$12,IF(A60<$F$7,0,IF(A60<$F$8,-GiaDinh_K3!$D$12,IF(A60<$F$9,0,IF(A60<$F$10,GiaDinh_K3!$D$12,0))))))) -> -1.8 | C60: =IF(A60<$F$4,GiaDinh_K3!$D$12*A60,IF(A60<$F$5,GiaDinh_K3!$D$11,IF(A60<$F$6,GiaDinh_K3!$D$11-GiaDinh_K3!$D$12*(A60-$F$5),IF(A60<$F$7,0,IF(A60<$F$8,-GiaDinh_K3!$D$12*(A60-$F$7),IF(A60<$F$9,-GiaDinh_K3!$D$11,IF(A60<$F$10,-GiaDinh_K3!$D$11+GiaDinh_K3!$D$12*(A60-$F$9),0))))))) -> 0.102 | D60: =MAX(0,D59+(C59+C60)/2*$B$5) -> 0.11709 | E60: =E59+(D59+D60)/2*$B$5 -> 0.02425155 | F60: =IF(A60>$F$10,0,IF((Params!$C$21+GiaDinh_K3!$D$8*Params!$C$5*C60)>=0,(Params!$C$21+GiaDinh_K3!$D$8*Params!$C$5*C60)*'Tính chọn'!$D$23/Params!$C$16,(Params!$C$21+GiaDinh_K3!$D$8*Params!$C$5*C60)*'Tính chọn'!$D$23*Params!$C$16)+Catalogue!$F$15*C60/'Tính chọn'!$D$23) -> 3.7000088 | G60: =IF(A60>$F$10,0,IF(('Tính chọn'!$D$6+GiaDinh_K3!$D$8*Params!$C$6*C60)>=0,('Tính chọn'!$D$6+GiaDinh_K3!$D$8*Params!$C$6*C60)*'Tính chọn'!$D$23/Params!$C$16,('Tính chọn'!$D$6+GiaDinh_K3!$D$8*Params!$C$6*C60)*'Tính chọn'!$D$23*Params!$C$16)+Catalogue!$F$15*C60/'Tính chọn'!$D$23) -> 0.81019368 | H60: =F60*D60/'Tính chọn'!$D$23 -> 538.38859
A61: =47*$B$5 -> 0.47 | B61: =IF(A61<$F$4,GiaDinh_K3!$D$12,IF(A61<$F$5,0,IF(A61<$F$6,-GiaDinh_K3!$D$12,IF(A61<$F$7,0,IF(A61<$F$8,-GiaDinh_K3!$D$12,IF(A61<$F$9,0,IF(A61<$F$10,GiaDinh_K3!$D$12,0))))))) -> -1.8 | C61: =IF(A61<$F$4,GiaDinh_K3!$D$12*A61,IF(A61<$F$5,GiaDinh_K3!$D$11,IF(A61<$F$6,GiaDinh_K3!$D$11-GiaDinh_K3!$D$12*(A61-$F$5),IF(A61<$F$7,0,IF(A61<$F$8,-GiaDinh_K3!$D$12*(A61-$F$7),IF(A61<$F$9,-GiaDinh_K3!$D$11,IF(A61<$F$10,-GiaDinh_K3!$D$11+GiaDinh_K3!$D$12*(A61-$F$9),0))))))) -> 0.084 | D61: =MAX(0,D60+(C60+C61)/2*$B$5) -> 0.11802 | E61: =E60+(D60+D61)/2*$B$5 -> 0.0254271 | F61: =IF(A61>$F$10,0,IF((Params!$C$21+GiaDinh_K3!$D$8*Params!$C$5*C61)>=0,(Params!$C$21+GiaDinh_K3!$D$8*Params!$C$5*C61)*'Tính chọn'!$D$23/Params!$C$16,(Params!$C$21+GiaDinh_K3!$D$8*Params!$C$5*C61)*'Tính chọn'!$D$23*Params!$C$16)+Catalogue!$F$15*C61/'Tính chọn'!$D$23) -> 3.3777771 | G61: =IF(A61>$F$10,0,IF(('Tính chọn'!$D$6+GiaDinh_K3!$D$8*Params!$C$6*C61)>=0,('Tính chọn'!$D$6+GiaDinh_K3!$D$8*Params!$C$6*C61)*'Tính chọn'!$D$23/Params!$C$16,('Tính chọn'!$D$6+GiaDinh_K3!$D$8*Params!$C$6*C61)*'Tính chọn'!$D$23*Params!$C$16)+Catalogue!$F$15*C61/'Tính chọn'!$D$23) -> 0.71416426 | H61: =F61*D61/'Tính chọn'!$D$23 -> 495.40444
A62: =48*$B$5 -> 0.48 | B62: =IF(A62<$F$4,GiaDinh_K3!$D$12,IF(A62<$F$5,0,IF(A62<$F$6,-GiaDinh_K3!$D$12,IF(A62<$F$7,0,IF(A62<$F$8,-GiaDinh_K3!$D$12,IF(A62<$F$9,0,IF(A62<$F$10,GiaDinh_K3!$D$12,0))))))) -> -1.8 | C62: =IF(A62<$F$4,GiaDinh_K3!$D$12*A62,IF(A62<$F$5,GiaDinh_K3!$D$11,IF(A62<$F$6,GiaDinh_K3!$D$11-GiaDinh_K3!$D$12*(A62-$F$5),IF(A62<$F$7,0,IF(A62<$F$8,-GiaDinh_K3!$D$12*(A62-$F$7),IF(A62<$F$9,-GiaDinh_K3!$D$11,IF(A62<$F$10,-GiaDinh_K3!$D$11+GiaDinh_K3!$D$12*(A62-$F$9),0))))))) -> 0.066 | D62: =MAX(0,D61+(C61+C62)/2*$B$5) -> 0.11877 | E62: =E61+(D61+D62)/2*$B$5 -> 0.02661105 | F62: =IF(A62>$F$10,0,IF((Params!$C$21+GiaDinh_K3!$D$8*Params!$C$5*C62)>=0,(Params!$C$21+GiaDinh_K3!$D$8*Params!$C$5*C62)*'Tính chọn'!$D$23/Params!$C$16,(Params!$C$21+GiaDinh_K3!$D$8*Params!$C$5*C62)*'Tính chọn'!$D$23*Params!$C$16)+Catalogue!$F$15*C62/'Tính chọn'!$D$23) -> 3.0555455 | G62: =IF(A62>$F$10,0,IF(('Tính chọn'!$D$6+GiaDinh_K3!$D$8*Params!$C$6*C62)>=0,('Tính chọn'!$D$6+GiaDinh_K3!$D$8*Params!$C$6*C62)*'Tính chọn'!$D$23/Params!$C$16,('Tính chọn'!$D$6+GiaDinh_K3!$D$8*Params!$C$6*C62)*'Tính chọn'!$D$23*Params!$C$16)+Catalogue!$F$15*C62/'Tính chọn'!$D$23) -> 0.61813483 | H62: =F62*D62/'Tính chọn'!$D$23 -> 450.99196
A63: =49*$B$5 -> 0.49 | B63: =IF(A63<$F$4,GiaDinh_K3!$D$12,IF(A63<$F$5,0,IF(A63<$F$6,-GiaDinh_K3!$D$12,IF(A63<$F$7,0,IF(A63<$F$8,-GiaDinh_K3!$D$12,IF(A63<$F$9,0,IF(A63<$F$10,GiaDinh_K3!$D$12,0))))))) -> -1.8 | C63: =IF(A63<$F$4,GiaDinh_K3!$D$12*A63,IF(A63<$F$5,GiaDinh_K3!$D$11,IF(A63<$F$6,GiaDinh_K3!$D$11-GiaDinh_K3!$D$12*(A63-$F$5),IF(A63<$F$7,0,IF(A63<$F$8,-GiaDinh_K3!$D$12*(A63-$F$7),IF(A63<$F$9,-GiaDinh_K3!$D$11,IF(A63<$F$10,-GiaDinh_K3!$D$11+GiaDinh_K3!$D$12*(A63-$F$9),0))))))) -> 0.048 | D63: =MAX(0,D62+(C62+C63)/2*$B$5) -> 0.11934 | E63: =E62+(D62+D63)/2*$B$5 -> 0.0278016 | F63: =IF(A63>$F$10,0,IF((Params!$C$21+GiaDinh_K3!$D$8*Params!$C$5*C63)>=0,(Params!$C$21+GiaDinh_K3!$D$8*Params!$C$5*C63)*'Tính chọn'!$D$23/Params!$C$16,(Params!$C$21+GiaDinh_K3!$D$8*Params!$C$5*C63)*'Tính chọn'!$D$23*Params!$C$16)+Catalogue!$F$15*C63/'Tính chọn'!$D$23) -> 2.7333139 | G63: =IF(A63>$F$10,0,IF(('Tính chọn'!$D$6+GiaDinh_K3!$D$8*Params!$C$6*C63)>=0,('Tính chọn'!$D$6+GiaDinh_K3!$D$8*Params!$C$6*C63)*'Tính chọn'!$D$23/Params!$C$16,('Tính chọn'!$D$6+GiaDinh_K3!$D$8*Params!$C$6*C63)*'Tính chọn'!$D$23*Params!$C$16)+Catalogue!$F$15*C63/'Tính chọn'!$D$23) -> 0.52210541 | H63: =F63*D63/'Tính chọn'!$D$23 -> 405.36741
A64: =50*$B$5 -> 0.5 | B64: =IF(A64<$F$4,GiaDinh_K3!$D$12,IF(A64<$F$5,0,IF(A64<$F$6,-GiaDinh_K3!$D$12,IF(A64<$F$7,0,IF(A64<$F$8,-GiaDinh_K3!$D$12,IF(A64<$F$9,0,IF(A64<$F$10,GiaDinh_K3!$D$12,0))))))) -> -1.8 | C64: =IF(A64<$F$4,GiaDinh_K3!$D$12*A64,IF(A64<$F$5,GiaDinh_K3!$D$11,IF(A64<$F$6,GiaDinh_K3!$D$11-GiaDinh_K3!$D$12*(A64-$F$5),IF(A64<$F$7,0,IF(A64<$F$8,-GiaDinh_K3!$D$12*(A64-$F$7),IF(A64<$F$9,-GiaDinh_K3!$D$11,IF(A64<$F$10,-GiaDinh_K3!$D$11+GiaDinh_K3!$D$12*(A64-$F$9),0))))))) -> 0.03 | D64: =MAX(0,D63+(C63+C64)/2*$B$5) -> 0.11973 | E64: =E63+(D63+D64)/2*$B$5 -> 0.02899695 | F64: =IF(A64>$F$10,0,IF((Params!$C$21+GiaDinh_K3!$D$8*Params!$C$5*C64)>=0,(Params!$C$21+GiaDinh_K3!$D$8*Params!$C$5*C64)*'Tính chọn'!$D$23/Params!$C$16,(Params!$C$21+GiaDinh_K3!$D$8*Params!$C$5*C64)*'Tính chọn'!$D$23*Params!$C$16)+Catalogue!$F$15*C64/'Tính chọn'!$D$23) -> 2.4110823 | G64: =IF(A64>$F$10,0,IF(('Tính chọn'!$D$6+GiaDinh_K3!$D$8*Params!$C$6*C64)>=0,('Tính chọn'!$D$6+GiaDinh_K3!$D$8*Params!$C$6*C64)*'Tính chọn'!$D$23/Params!$C$16,('Tính chọn'!$D$6+GiaDinh_K3!$D$8*Params!$C$6*C64)*'Tính chọn'!$D$23*Params!$C$16)+Catalogue!$F$15*C64/'Tính chọn'!$D$23) -> 0.42607598 | H64: =F64*D64/'Tính chọn'!$D$23 -> 358.74702
A65: =51*$B$5 -> 0.51 | B65: =IF(A65<$F$4,GiaDinh_K3!$D$12,IF(A65<$F$5,0,IF(A65<$F$6,-GiaDinh_K3!$D$12,IF(A65<$F$7,0,IF(A65<$F$8,-GiaDinh_K3!$D$12,IF(A65<$F$9,0,IF(A65<$F$10,GiaDinh_K3!$D$12,0))))))) -> -1.8 | C65: =IF(A65<$F$4,GiaDinh_K3!$D$12*A65,IF(A65<$F$5,GiaDinh_K3!$D$11,IF(A65<$F$6,GiaDinh_K3!$D$11-GiaDinh_K3!$D$12*(A65-$F$5),IF(A65<$F$7,0,IF(A65<$F$8,-GiaDinh_K3!$D$12*(A65-$F$7),IF(A65<$F$9,-GiaDinh_K3!$D$11,IF(A65<$F$10,-GiaDinh_K3!$D$11+GiaDinh_K3!$D$12*(A65-$F$9),0))))))) -> 0.012 | D65: =MAX(0,D64+(C64+C65)/2*$B$5) -> 0.11994 | E65: =E64+(D64+D65)/2*$B$5 -> 0.0301953 | F65: =IF(A65>$F$10,0,IF((Params!$C$21+GiaDinh_K3!$D$8*Params!$C$5*C65)>=0,(Params!$C$21+GiaDinh_K3!$D$8*Params!$C$5*C65)*'Tính chọn'!$D$23/Params!$C$16,(Params!$C$21+GiaDinh_K3!$D$8*Params!$C$5*C65)*'Tính chọn'!$D$23*Params!$C$16)+Catalogue!$F$15*C65/'Tính chọn'!$D$23) -> 2.0888506 | G65: =IF(A65>$F$10,0,IF(('Tính chọn'!$D$6+GiaDinh_K3!$D$8*Params!$C$6*C65)>=0,('Tính chọn'!$D$6+GiaDinh_K3!$D$8*Params!$C$6*C65)*'Tính chọn'!$D$23/Params!$C$16,('Tính chọn'!$D$6+GiaDinh_K3!$D$8*Params!$C$6*C65)*'Tính chọn'!$D$23*Params!$C$16)+Catalogue!$F$15*C65/'Tính chọn'!$D$23) -> 0.33004656 | H65: =F65*D65/'Tính chọn'!$D$23 -> 311.34702
A66: =52*$B$5 -> 0.52 | B66: =IF(A66<$F$4,GiaDinh_K3!$D$12,IF(A66<$F$5,0,IF(A66<$F$6,-GiaDinh_K3!$D$12,IF(A66<$F$7,0,IF(A66<$F$8,-GiaDinh_K3!$D$12,IF(A66<$F$9,0,IF(A66<$F$10,GiaDinh_K3!$D$12,0))))))) -> 0 | C66: =IF(A66<$F$4,GiaDinh_K3!$D$12*A66,IF(A66<$F$5,GiaDinh_K3!$D$11,IF(A66<$F$6,GiaDinh_K3!$D$11-GiaDinh_K3!$D$12*(A66-$F$5),IF(A66<$F$7,0,IF(A66<$F$8,-GiaDinh_K3!$D$12*(A66-$F$7),IF(A66<$F$9,-GiaDinh_K3!$D$11,IF(A66<$F$10,-GiaDinh_K3!$D$11+GiaDinh_K3!$D$12*(A66-$F$9),0))))))) -> 0 | D66: =MAX(0,D65+(C65+C66)/2*$B$5) -> 0.12 | E66: =E65+(D65+D66)/2*$B$5 -> 0.031395 | F66: =IF(A66>$F$10,0,IF((Params!$C$21+GiaDinh_K3!$D$8*Params!$C$5*C66)>=0,(Params!$C$21+GiaDinh_K3!$D$8*Params!$C$5*C66)*'Tính chọn'!$D$23/Params!$C$16,(Params!$C$21+GiaDinh_K3!$D$8*Params!$C$5*C66)*'Tính chọn'!$D$23*Params!$C$16)+Catalogue!$F$15*C66/'Tính chọn'!$D$23) -> 1.8740295 | G66: =IF(A66>$F$10,0,IF(('Tính chọn'!$D$6+GiaDinh_K3!$D$8*Params!$C$6*C66)>=0,('Tính chọn'!$D$6+GiaDinh_K3!$D$8*Params!$C$6*C66)*'Tính chọn'!$D$23/Params!$C$16,('Tính chọn'!$D$6+GiaDinh_K3!$D$8*Params!$C$6*C66)*'Tính chọn'!$D$23*Params!$C$16)+Catalogue!$F$15*C66/'Tính chọn'!$D$23) -> 0.26602694 | H66: =F66*D66/'Tính chọn'!$D$23 -> 279.46728
A67: =53*$B$5 -> 0.53 | B67: =IF(A67<$F$4,GiaDinh_K3!$D$12,IF(A67<$F$5,0,IF(A67<$F$6,-GiaDinh_K3!$D$12,IF(A67<$F$7,0,IF(A67<$F$8,-GiaDinh_K3!$D$12,IF(A67<$F$9,0,IF(A67<$F$10,GiaDinh_K3!$D$12,0))))))) -> 0 | C67: =IF(A67<$F$4,GiaDinh_K3!$D$12*A67,IF(A67<$F$5,GiaDinh_K3!$D$11,IF(A67<$F$6,GiaDinh_K3!$D$11-GiaDinh_K3!$D$12*(A67-$F$5),IF(A67<$F$7,0,IF(A67<$F$8,-GiaDinh_K3!$D$12*(A67-$F$7),IF(A67<$F$9,-GiaDinh_K3!$D$11,IF(A67<$F$10,-GiaDinh_K3!$D$11+GiaDinh_K3!$D$12*(A67-$F$9),0))))))) -> 0 | D67: =MAX(0,D66+(C66+C67)/2*$B$5) -> 0.12 | E67: =E66+(D66+D67)/2*$B$5 -> 0.032595 | F67: =IF(A67>$F$10,0,IF((Params!$C$21+GiaDinh_K3!$D$8*Params!$C$5*C67)>=0,(Params!$C$21+GiaDinh_K3!$D$8*Params!$C$5*C67)*'Tính chọn'!$D$23/Params!$C$16,(Params!$C$21+GiaDinh_K3!$D$8*Params!$C$5*C67)*'Tính chọn'!$D$23*Params!$C$16)+Catalogue!$F$15*C67/'Tính chọn'!$D$23) -> 1.8740295 | G67: =IF(A67>$F$10,0,IF(('Tính chọn'!$D$6+GiaDinh_K3!$D$8*Params!$C$6*C67)>=0,('Tính chọn'!$D$6+GiaDinh_K3!$D$8*Params!$C$6*C67)*'Tính chọn'!$D$23/Params!$C$16,('Tính chọn'!$D$6+GiaDinh_K3!$D$8*Params!$C$6*C67)*'Tính chọn'!$D$23*Params!$C$16)+Catalogue!$F$15*C67/'Tính chọn'!$D$23) -> 0.26602694 | H67: =F67*D67/'Tính chọn'!$D$23 -> 279.46728
A68: =54*$B$5 -> 0.54 | B68: =IF(A68<$F$4,GiaDinh_K3!$D$12,IF(A68<$F$5,0,IF(A68<$F$6,-GiaDinh_K3!$D$12,IF(A68<$F$7,0,IF(A68<$F$8,-GiaDinh_K3!$D$12,IF(A68<$F$9,0,IF(A68<$F$10,GiaDinh_K3!$D$12,0))))))) -> 0 | C68: =IF(A68<$F$4,GiaDinh_K3!$D$12*A68,IF(A68<$F$5,GiaDinh_K3!$D$11,IF(A68<$F$6,GiaDinh_K3!$D$11-GiaDinh_K3!$D$12*(A68-$F$5),IF(A68<$F$7,0,IF(A68<$F$8,-GiaDinh_K3!$D$12*(A68-$F$7),IF(A68<$F$9,-GiaDinh_K3!$D$11,IF(A68<$F$10,-GiaDinh_K3!$D$11+GiaDinh_K3!$D$12*(A68-$F$9),0))))))) -> 0 | D68: =MAX(0,D67+(C67+C68)/2*$B$5) -> 0.12 | E68: =E67+(D67+D68)/2*$B$5 -> 0.033795 | F68: =IF(A68>$F$10,0,IF((Params!$C$21+GiaDinh_K3!$D$8*Params!$C$5*C68)>=0,(Params!$C$21+GiaDinh_K3!$D$8*Params!$C$5*C68)*'Tính chọn'!$D$23/Params!$C$16,(Params!$C$21+GiaDinh_K3!$D$8*Params!$C$5*C68)*'Tính chọn'!$D$23*Params!$C$16)+Catalogue!$F$15*C68/'Tính chọn'!$D$23) -> 1.8740295 | G68: =IF(A68>$F$10,0,IF(('Tính chọn'!$D$6+GiaDinh_K3!$D$8*Params!$C$6*C68)>=0,('Tính chọn'!$D$6+GiaDinh_K3!$D$8*Params!$C$6*C68)*'Tính chọn'!$D$23/Params!$C$16,('Tính chọn'!$D$6+GiaDinh_K3!$D$8*Params!$C$6*C68)*'Tính chọn'!$D$23*Params!$C$16)+Catalogue!$F$15*C68/'Tính chọn'!$D$23) -> 0.26602694 | H68: =F68*D68/'Tính chọn'!$D$23 -> 279.46728
A69: =55*$B$5 -> 0.55 | B69: =IF(A69<$F$4,GiaDinh_K3!$D$12,IF(A69<$F$5,0,IF(A69<$F$6,-GiaDinh_K3!$D$12,IF(A69<$F$7,0,IF(A69<$F$8,-GiaDinh_K3!$D$12,IF(A69<$F$9,0,IF(A69<$F$10,GiaDinh_K3!$D$12,0))))))) -> 0 | C69: =IF(A69<$F$4,GiaDinh_K3!$D$12*A69,IF(A69<$F$5,GiaDinh_K3!$D$11,IF(A69<$F$6,GiaDinh_K3!$D$11-GiaDinh_K3!$D$12*(A69-$F$5),IF(A69<$F$7,0,IF(A69<$F$8,-GiaDinh_K3!$D$12*(A69-$F$7),IF(A69<$F$9,-GiaDinh_K3!$D$11,IF(A69<$F$10,-GiaDinh_K3!$D$11+GiaDinh_K3!$D$12*(A69-$F$9),0))))))) -> 0 | D69: =MAX(0,D68+(C68+C69)/2*$B$5) -> 0.12 | E69: =E68+(D68+D69)/2*$B$5 -> 0.034995 | F69: =IF(A69>$F$10,0,IF((Params!$C$21+GiaDinh_K3!$D$8*Params!$C$5*C69)>=0,(Params!$C$21+GiaDinh_K3!$D$8*Params!$C$5*C69)*'Tính chọn'!$D$23/Params!$C$16,(Params!$C$21+GiaDinh_K3!$D$8*Params!$C$5*C69)*'Tính chọn'!$D$23*Params!$C$16)+Catalogue!$F$15*C69/'Tính chọn'!$D$23) -> 1.8740295 | G69: =IF(A69>$F$10,0,IF(('Tính chọn'!$D$6+GiaDinh_K3!$D$8*Params!$C$6*C69)>=0,('Tính chọn'!$D$6+GiaDinh_K3!$D$8*Params!$C$6*C69)*'Tính chọn'!$D$23/Params!$C$16,('Tính chọn'!$D$6+GiaDinh_K3!$D$8*Params!$C$6*C69)*'Tính chọn'!$D$23*Params!$C$16)+Catalogue!$F$15*C69/'Tính chọn'!$D$23) -> 0.26602694 | H69: =F69*D69/'Tính chọn'!$D$23 -> 279.46728
A70: =56*$B$5 -> 0.56 | B70: =IF(A70<$F$4,GiaDinh_K3!$D$12,IF(A70<$F$5,0,IF(A70<$F$6,-GiaDinh_K3!$D$12,IF(A70<$F$7,0,IF(A70<$F$8,-GiaDinh_K3!$D$12,IF(A70<$F$9,0,IF(A70<$F$10,GiaDinh_K3!$D$12,0))))))) -> 0 | C70: =IF(A70<$F$4,GiaDinh_K3!$D$12*A70,IF(A70<$F$5,GiaDinh_K3!$D$11,IF(A70<$F$6,GiaDinh_K3!$D$11-GiaDinh_K3!$D$12*(A70-$F$5),IF(A70<$F$7,0,IF(A70<$F$8,-GiaDinh_K3!$D$12*(A70-$F$7),IF(A70<$F$9,-GiaDinh_K3!$D$11,IF(A70<$F$10,-GiaDinh_K3!$D$11+GiaDinh_K3!$D$12*(A70-$F$9),0))))))) -> 0 | D70: =MAX(0,D69+(C69+C70)/2*$B$5) -> 0.12 | E70: =E69+(D69+D70)/2*$B$5 -> 0.036195 | F70: =IF(A70>$F$10,0,IF((Params!$C$21+GiaDinh_K3!$D$8*Params!$C$5*C70)>=0,(Params!$C$21+GiaDinh_K3!$D$8*Params!$C$5*C70)*'Tính chọn'!$D$23/Params!$C$16,(Params!$C$21+GiaDinh_K3!$D$8*Params!$C$5*C70)*'Tính chọn'!$D$23*Params!$C$16)+Catalogue!$F$15*C70/'Tính chọn'!$D$23) -> 1.8740295 | G70: =IF(A70>$F$10,0,IF(('Tính chọn'!$D$6+GiaDinh_K3!$D$8*Params!$C$6*C70)>=0,('Tính chọn'!$D$6+GiaDinh_K3!$D$8*Params!$C$6*C70)*'Tính chọn'!$D$23/Params!$C$16,('Tính chọn'!$D$6+GiaDinh_K3!$D$8*Params!$C$6*C70)*'Tính chọn'!$D$23*Params!$C$16)+Catalogue!$F$15*C70/'Tính chọn'!$D$23) -> 0.26602694 | H70: =F70*D70/'Tính chọn'!$D$23 -> 279.46728
A71: =57*$B$5 -> 0.57 | B71: =IF(A71<$F$4,GiaDinh_K3!$D$12,IF(A71<$F$5,0,IF(A71<$F$6,-GiaDinh_K3!$D$12,IF(A71<$F$7,0,IF(A71<$F$8,-GiaDinh_K3!$D$12,IF(A71<$F$9,0,IF(A71<$F$10,GiaDinh_K3!$D$12,0))))))) -> 0 | C71: =IF(A71<$F$4,GiaDinh_K3!$D$12*A71,IF(A71<$F$5,GiaDinh_K3!$D$11,IF(A71<$F$6,GiaDinh_K3!$D$11-GiaDinh_K3!$D$12*(A71-$F$5),IF(A71<$F$7,0,IF(A71<$F$8,-GiaDinh_K3!$D$12*(A71-$F$7),IF(A71<$F$9,-GiaDinh_K3!$D$11,IF(A71<$F$10,-GiaDinh_K3!$D$11+GiaDinh_K3!$D$12*(A71-$F$9),0))))))) -> 0 | D71: =MAX(0,D70+(C70+C71)/2*$B$5) -> 0.12 | E71: =E70+(D70+D71)/2*$B$5 -> 0.037395 | F71: =IF(A71>$F$10,0,IF((Params!$C$21+GiaDinh_K3!$D$8*Params!$C$5*C71)>=0,(Params!$C$21+GiaDinh_K3!$D$8*Params!$C$5*C71)*'Tính chọn'!$D$23/Params!$C$16,(Params!$C$21+GiaDinh_K3!$D$8*Params!$C$5*C71)*'Tính chọn'!$D$23*Params!$C$16)+Catalogue!$F$15*C71/'Tính chọn'!$D$23) -> 1.8740295 | G71: =IF(A71>$F$10,0,IF(('Tính chọn'!$D$6+GiaDinh_K3!$D$8*Params!$C$6*C71)>=0,('Tính chọn'!$D$6+GiaDinh_K3!$D$8*Params!$C$6*C71)*'Tính chọn'!$D$23/Params!$C$16,('Tính chọn'!$D$6+GiaDinh_K3!$D$8*Params!$C$6*C71)*'Tính chọn'!$D$23*Params!$C$16)+Catalogue!$F$15*C71/'Tính chọn'!$D$23) -> 0.26602694 | H71: =F71*D71/'Tính chọn'!$D$23 -> 279.46728
A72: =58*$B$5 -> 0.58 | B72: =IF(A72<$F$4,GiaDinh_K3!$D$12,IF(A72<$F$5,0,IF(A72<$F$6,-GiaDinh_K3!$D$12,IF(A72<$F$7,0,IF(A72<$F$8,-GiaDinh_K3!$D$12,IF(A72<$F$9,0,IF(A72<$F$10,GiaDinh_K3!$D$12,0))))))) -> 0 | C72: =IF(A72<$F$4,GiaDinh_K3!$D$12*A72,IF(A72<$F$5,GiaDinh_K3!$D$11,IF(A72<$F$6,GiaDinh_K3!$D$11-GiaDinh_K3!$D$12*(A72-$F$5),IF(A72<$F$7,0,IF(A72<$F$8,-GiaDinh_K3!$D$12*(A72-$F$7),IF(A72<$F$9,-GiaDinh_K3!$D$11,IF(A72<$F$10,-GiaDinh_K3!$D$11+GiaDinh_K3!$D$12*(A72-$F$9),0))))))) -> 0 | D72: =MAX(0,D71+(C71+C72)/2*$B$5) -> 0.12 | E72: =E71+(D71+D72)/2*$B$5 -> 0.038595 | F72: =IF(A72>$F$10,0,IF((Params!$C$21+GiaDinh_K3!$D$8*Params!$C$5*C72)>=0,(Params!$C$21+GiaDinh_K3!$D$8*Params!$C$5*C72)*'Tính chọn'!$D$23/Params!$C$16,(Params!$C$21+GiaDinh_K3!$D$8*Params!$C$5*C72)*'Tính chọn'!$D$23*Params!$C$16)+Catalogue!$F$15*C72/'Tính chọn'!$D$23) -> 1.8740295 | G72: =IF(A72>$F$10,0,IF(('Tính chọn'!$D$6+GiaDinh_K3!$D$8*Params!$C$6*C72)>=0,('Tính chọn'!$D$6+GiaDinh_K3!$D$8*Params!$C$6*C72)*'Tính chọn'!$D$23/Params!$C$16,('Tính chọn'!$D$6+GiaDinh_K3!$D$8*Params!$C$6*C72)*'Tính chọn'!$D$23*Params!$C$16)+Catalogue!$F$15*C72/'Tính chọn'!$D$23) -> 0.26602694 | H72: =F72*D72/'Tính chọn'!$D$23 -> 279.46728
A73: =59*$B$5 -> 0.59 | B73: =IF(A73<$F$4,GiaDinh_K3!$D$12,IF(A73<$F$5,0,IF(A73<$F$6,-GiaDinh_K3!$D$12,IF(A73<$F$7,0,IF(A73<$F$8,-GiaDinh_K3!$D$12,IF(A73<$F$9,0,IF(A73<$F$10,GiaDinh_K3!$D$12,0))))))) -> 0 | C73: =IF(A73<$F$4,GiaDinh_K3!$D$12*A73,IF(A73<$F$5,GiaDinh_K3!$D$11,IF(A73<$F$6,GiaDinh_K3!$D$11-GiaDinh_K3!$D$12*(A73-$F$5),IF(A73<$F$7,0,IF(A73<$F$8,-GiaDinh_K3!$D$12*(A73-$F$7),IF(A73<$F$9,-GiaDinh_K3!$D$11,IF(A73<$F$10,-GiaDinh_K3!$D$11+GiaDinh_K3!$D$12*(A73-$F$9),0))))))) -> 0 | D73: =MAX(0,D72+(C72+C73)/2*$B$5) -> 0.12 | E73: =E72+(D72+D73)/2*$B$5 -> 0.039795 | F73: =IF(A73>$F$10,0,IF((Params!$C$21+GiaDinh_K3!$D$8*Params!$C$5*C73)>=0,(Params!$C$21+GiaDinh_K3!$D$8*Params!$C$5*C73)*'Tính chọn'!$D$23/Params!$C$16,(Params!$C$21+GiaDinh_K3!$D$8*Params!$C$5*C73)*'Tính chọn'!$D$23*Params!$C$16)+Catalogue!$F$15*C73/'Tính chọn'!$D$23) -> 1.8740295 | G73: =IF(A73>$F$10,0,IF(('Tính chọn'!$D$6+GiaDinh_K3!$D$8*Params!$C$6*C73)>=0,('Tính chọn'!$D$6+GiaDinh_K3!$D$8*Params!$C$6*C73)*'Tính chọn'!$D$23/Params!$C$16,('Tính chọn'!$D$6+GiaDinh_K3!$D$8*Params!$C$6*C73)*'Tính chọn'!$D$23*Params!$C$16)+Catalogue!$F$15*C73/'Tính chọn'!$D$23) -> 0.26602694 | H73: =F73*D73/'Tính chọn'!$D$23 -> 279.46728
A74: =60*$B$5 -> 0.6 | B74: =IF(A74<$F$4,GiaDinh_K3!$D$12,IF(A74<$F$5,0,IF(A74<$F$6,-GiaDinh_K3!$D$12,IF(A74<$F$7,0,IF(A74<$F$8,-GiaDinh_K3!$D$12,IF(A74<$F$9,0,IF(A74<$F$10,GiaDinh_K3!$D$12,0))))))) -> 0 | C74: =IF(A74<$F$4,GiaDinh_K3!$D$12*A74,IF(A74<$F$5,GiaDinh_K3!$D$11,IF(A74<$F$6,GiaDinh_K3!$D$11-GiaDinh_K3!$D$12*(A74-$F$5),IF(A74<$F$7,0,IF(A74<$F$8,-GiaDinh_K3!$D$12*(A74-$F$7),IF(A74<$F$9,-GiaDinh_K3!$D$11,IF(A74<$F$10,-GiaDinh_K3!$D$11+GiaDinh_K3!$D$12*(A74-$F$9),0))))))) -> 0 | D74: =MAX(0,D73+(C73+C74)/2*$B$5) -> 0.12 | E74: =E73+(D73+D74)/2*$B$5 -> 0.040995 | F74: =IF(A74>$F$10,0,IF((Params!$C$21+GiaDinh_K3!$D$8*Params!$C$5*C74)>=0,(Params!$C$21+GiaDinh_K3!$D$8*Params!$C$5*C74)*'Tính chọn'!$D$23/Params!$C$16,(Params!$C$21+GiaDinh_K3!$D$8*Params!$C$5*C74)*'Tính chọn'!$D$23*Params!$C$16)+Catalogue!$F$15*C74/'Tính chọn'!$D$23) -> 1.8740295 | G74: =IF(A74>$F$10,0,IF(('Tính chọn'!$D$6+GiaDinh_K3!$D$8*Params!$C$6*C74)>=0,('Tính chọn'!$D$6+GiaDinh_K3!$D$8*Params!$C$6*C74)*'Tính chọn'!$D$23/Params!$C$16,('Tính chọn'!$D$6+GiaDinh_K3!$D$8*Params!$C$6*C74)*'Tính chọn'!$D$23*Params!$C$16)+Catalogue!$F$15*C74/'Tính chọn'!$D$23) -> 0.26602694 | H74: =F74*D74/'Tính chọn'!$D$23 -> 279.46728
A75: =61*$B$5 -> 0.61 | B75: =IF(A75<$F$4,GiaDinh_K3!$D$12,IF(A75<$F$5,0,IF(A75<$F$6,-GiaDinh_K3!$D$12,IF(A75<$F$7,0,IF(A75<$F$8,-GiaDinh_K3!$D$12,IF(A75<$F$9,0,IF(A75<$F$10,GiaDinh_K3!$D$12,0))))))) -> 0 | C75: =IF(A75<$F$4,GiaDinh_K3!$D$12*A75,IF(A75<$F$5,GiaDinh_K3!$D$11,IF(A75<$F$6,GiaDinh_K3!$D$11-GiaDinh_K3!$D$12*(A75-$F$5),IF(A75<$F$7,0,IF(A75<$F$8,-GiaDinh_K3!$D$12*(A75-$F$7),IF(A75<$F$9,-GiaDinh_K3!$D$11,IF(A75<$F$10,-GiaDinh_K3!$D$11+GiaDinh_K3!$D$12*(A75-$F$9),0))))))) -> 0 | D75: =MAX(0,D74+(C74+C75)/2*$B$5) -> 0.12 | E75: =E74+(D74+D75)/2*$B$5 -> 0.042195 | F75: =IF(A75>$F$10,0,IF((Params!$C$21+GiaDinh_K3!$D$8*Params!$C$5*C75)>=0,(Params!$C$21+GiaDinh_K3!$D$8*Params!$C$5*C75)*'Tính chọn'!$D$23/Params!$C$16,(Params!$C$21+GiaDinh_K3!$D$8*Params!$C$5*C75)*'Tính chọn'!$D$23*Params!$C$16)+Catalogue!$F$15*C75/'Tính chọn'!$D$23) -> 1.8740295 | G75: =IF(A75>$F$10,0,IF(('Tính chọn'!$D$6+GiaDinh_K3!$D$8*Params!$C$6*C75)>=0,('Tính chọn'!$D$6+GiaDinh_K3!$D$8*Params!$C$6*C75)*'Tính chọn'!$D$23/Params!$C$16,('Tính chọn'!$D$6+GiaDinh_K3!$D$8*Params!$C$6*C75)*'Tính chọn'!$D$23*Params!$C$16)+Catalogue!$F$15*C75/'Tính chọn'!$D$23) -> 0.26602694 | H75: =F75*D75/'Tính chọn'!$D$23 -> 279.46728
A76: =62*$B$5 -> 0.62 | B76: =IF(A76<$F$4,GiaDinh_K3!$D$12,IF(A76<$F$5,0,IF(A76<$F$6,-GiaDinh_K3!$D$12,IF(A76<$F$7,0,IF(A76<$F$8,-GiaDinh_K3!$D$12,IF(A76<$F$9,0,IF(A76<$F$10,GiaDinh_K3!$D$12,0))))))) -> 0 | C76: =IF(A76<$F$4,GiaDinh_K3!$D$12*A76,IF(A76<$F$5,GiaDinh_K3!$D$11,IF(A76<$F$6,GiaDinh_K3!$D$11-GiaDinh_K3!$D$12*(A76-$F$5),IF(A76<$F$7,0,IF(A76<$F$8,-GiaDinh_K3!$D$12*(A76-$F$7),IF(A76<$F$9,-GiaDinh_K3!$D$11,IF(A76<$F$10,-GiaDinh_K3!$D$11+GiaDinh_K3!$D$12*(A76-$F$9),0))))))) -> 0 | D76: =MAX(0,D75+(C75+C76)/2*$B$5) -> 0.12 | E76: =E75+(D75+D76)/2*$B$5 -> 0.043395 | F76: =IF(A76>$F$10,0,IF((Params!$C$21+GiaDinh_K3!$D$8*Params!$C$5*C76)>=0,(Params!$C$21+GiaDinh_K3!$D$8*Params!$C$5*C76)*'Tính chọn'!$D$23/Params!$C$16,(Params!$C$21+GiaDinh_K3!$D$8*Params!$C$5*C76)*'Tính chọn'!$D$23*Params!$C$16)+Catalogue!$F$15*C76/'Tính chọn'!$D$23) -> 1.8740295 | G76: =IF(A76>$F$10,0,IF(('Tính chọn'!$D$6+GiaDinh_K3!$D$8*Params!$C$6*C76)>=0,('Tính chọn'!$D$6+GiaDinh_K3!$D$8*Params!$C$6*C76)*'Tính chọn'!$D$23/Params!$C$16,('Tính chọn'!$D$6+GiaDinh_K3!$D$8*Params!$C$6*C76)*'Tính chọn'!$D$23*Params!$C$16)+Catalogue!$F$15*C76/'Tính chọn'!$D$23) -> 0.26602694 | H76: =F76*D76/'Tính chọn'!$D$23 -> 279.46728
A77: =63*$B$5 -> 0.63 | B77: =IF(A77<$F$4,GiaDinh_K3!$D$12,IF(A77<$F$5,0,IF(A77<$F$6,-GiaDinh_K3!$D$12,IF(A77<$F$7,0,IF(A77<$F$8,-GiaDinh_K3!$D$12,IF(A77<$F$9,0,IF(A77<$F$10,GiaDinh_K3!$D$12,0))))))) -> 0 | C77: =IF(A77<$F$4,GiaDinh_K3!$D$12*A77,IF(A77<$F$5,GiaDinh_K3!$D$11,IF(A77<$F$6,GiaDinh_K3!$D$11-GiaDinh_K3!$D$12*(A77-$F$5),IF(A77<$F$7,0,IF(A77<$F$8,-GiaDinh_K3!$D$12*(A77-$F$7),IF(A77<$F$9,-GiaDinh_K3!$D$11,IF(A77<$F$10,-GiaDinh_K3!$D$11+GiaDinh_K3!$D$12*(A77-$F$9),0))))))) -> 0 | D77: =MAX(0,D76+(C76+C77)/2*$B$5) -> 0.12 | E77: =E76+(D76+D77)/2*$B$5 -> 0.044595 | F77: =IF(A77>$F$10,0,IF((Params!$C$21+GiaDinh_K3!$D$8*Params!$C$5*C77)>=0,(Params!$C$21+GiaDinh_K3!$D$8*Params!$C$5*C77)*'Tính chọn'!$D$23/Params!$C$16,(Params!$C$21+GiaDinh_K3!$D$8*Params!$C$5*C77)*'Tính chọn'!$D$23*Params!$C$16)+Catalogue!$F$15*C77/'Tính chọn'!$D$23) -> 1.8740295 | G77: =IF(A77>$F$10,0,IF(('Tính chọn'!$D$6+GiaDinh_K3!$D$8*Params!$C$6*C77)>=0,('Tính chọn'!$D$6+GiaDinh_K3!$D$8*Params!$C$6*C77)*'Tính chọn'!$D$23/Params!$C$16,('Tính chọn'!$D$6+GiaDinh_K3!$D$8*Params!$C$6*C77)*'Tính chọn'!$D$23*Params!$C$16)+Catalogue!$F$15*C77/'Tính chọn'!$D$23) -> 0.26602694 | H77: =F77*D77/'Tính chọn'!$D$23 -> 279.46728
A78: =64*$B$5 -> 0.64 | B78: =IF(A78<$F$4,GiaDinh_K3!$D$12,IF(A78<$F$5,0,IF(A78<$F$6,-GiaDinh_K3!$D$12,IF(A78<$F$7,0,IF(A78<$F$8,-GiaDinh_K3!$D$12,IF(A78<$F$9,0,IF(A78<$F$10,GiaDinh_K3!$D$12,0))))))) -> 0 | C78: =IF(A78<$F$4,GiaDinh_K3!$D$12*A78,IF(A78<$F$5,GiaDinh_K3!$D$11,IF(A78<$F$6,GiaDinh_K3!$D$11-GiaDinh_K3!$D$12*(A78-$F$5),IF(A78<$F$7,0,IF(A78<$F$8,-GiaDinh_K3!$D$12*(A78-$F$7),IF(A78<$F$9,-GiaDinh_K3!$D$11,IF(A78<$F$10,-GiaDinh_K3!$D$11+GiaDinh_K3!$D$12*(A78-$F$9),0))))))) -> 0 | D78: =MAX(0,D77+(C77+C78)/2*$B$5) -> 0.12 | E78: =E77+(D77+D78)/2*$B$5 -> 0.045795 | F78: =IF(A78>$F$10,0,IF((Params!$C$21+GiaDinh_K3!$D$8*Params!$C$5*C78)>=0,(Params!$C$21+GiaDinh_K3!$D$8*Params!$C$5*C78)*'Tính chọn'!$D$23/Params!$C$16,(Params!$C$21+GiaDinh_K3!$D$8*Params!$C$5*C78)*'Tính chọn'!$D$23*Params!$C$16)+Catalogue!$F$15*C78/'Tính chọn'!$D$23) -> 1.8740295 | G78: =IF(A78>$F$10,0,IF(('Tính chọn'!$D$6+GiaDinh_K3!$D$8*Params!$C$6*C78)>=0,('Tính chọn'!$D$6+GiaDinh_K3!$D$8*Params!$C$6*C78)*'Tính chọn'!$D$23/Params!$C$16,('Tính chọn'!$D$6+GiaDinh_K3!$D$8*Params!$C$6*C78)*'Tính chọn'!$D$23*Params!$C$16)+Catalogue!$F$15*C78/'Tính chọn'!$D$23) -> 0.26602694 | H78: =F78*D78/'Tính chọn'!$D$23 -> 279.46728
A79: =65*$B$5 -> 0.65 | B79: =IF(A79<$F$4,GiaDinh_K3!$D$12,IF(A79<$F$5,0,IF(A79<$F$6,-GiaDinh_K3!$D$12,IF(A79<$F$7,0,IF(A79<$F$8,-GiaDinh_K3!$D$12,IF(A79<$F$9,0,IF(A79<$F$10,GiaDinh_K3!$D$12,0))))))) -> 0 | C79: =IF(A79<$F$4,GiaDinh_K3!$D$12*A79,IF(A79<$F$5,GiaDinh_K3!$D$11,IF(A79<$F$6,GiaDinh_K3!$D$11-GiaDinh_K3!$D$12*(A79-$F$5),IF(A79<$F$7,0,IF(A79<$F$8,-GiaDinh_K3!$D$12*(A79-$F$7),IF(A79<$F$9,-GiaDinh_K3!$D$11,IF(A79<$F$10,-GiaDinh_K3!$D$11+GiaDinh_K3!$D$12*(A79-$F$9),0))))))) -> 0 | D79: =MAX(0,D78+(C78+C79)/2*$B$5) -> 0.12 | E79: =E78+(D78+D79)/2*$B$5 -> 0.046995 | F79: =IF(A79>$F$10,0,IF((Params!$C$21+GiaDinh_K3!$D$8*Params!$C$5*C79)>=0,(Params!$C$21+GiaDinh_K3!$D$8*Params!$C$5*C79)*'Tính chọn'!$D$23/Params!$C$16,(Params!$C$21+GiaDinh_K3!$D$8*Params!$C$5*C79)*'Tính chọn'!$D$23*Params!$C$16)+Catalogue!$F$15*C79/'Tính chọn'!$D$23) -> 1.8740295 | G79: =IF(A79>$F$10,0,IF(('Tính chọn'!$D$6+GiaDinh_K3!$D$8*Params!$C$6*C79)>=0,('Tính chọn'!$D$6+GiaDinh_K3!$D$8*Params!$C$6*C79)*'Tính chọn'!$D$23/Params!$C$16,('Tính chọn'!$D$6+GiaDinh_K3!$D$8*Params!$C$6*C79)*'Tính chọn'!$D$23*Params!$C$16)+Catalogue!$F$15*C79/'Tính chọn'!$D$23) -> 0.26602694 | H79: =F79*D79/'Tính chọn'!$D$23 -> 279.46728
A80: =66*$B$5 -> 0.66 | B80: =IF(A80<$F$4,GiaDinh_K3!$D$12,IF(A80<$F$5,0,IF(A80<$F$6,-GiaDinh_K3!$D$12,IF(A80<$F$7,0,IF(A80<$F$8,-GiaDinh_K3!$D$12,IF(A80<$F$9,0,IF(A80<$F$10,GiaDinh_K3!$D$12,0))))))) -> 0 | C80: =IF(A80<$F$4,GiaDinh_K3!$D$12*A80,IF(A80<$F$5,GiaDinh_K3!$D$11,IF(A80<$F$6,GiaDinh_K3!$D$11-GiaDinh_K3!$D$12*(A80-$F$5),IF(A80<$F$7,0,IF(A80<$F$8,-GiaDinh_K3!$D$12*(A80-$F$7),IF(A80<$F$9,-GiaDinh_K3!$D$11,IF(A80<$F$10,-GiaDinh_K3!$D$11+GiaDinh_K3!$D$12*(A80-$F$9),0))))))) -> 0 | D80: =MAX(0,D79+(C79+C80)/2*$B$5) -> 0.12 | E80: =E79+(D79+D80)/2*$B$5 -> 0.048195 | F80: =IF(A80>$F$10,0,IF((Params!$C$21+GiaDinh_K3!$D$8*Params!$C$5*C80)>=0,(Params!$C$21+GiaDinh_K3!$D$8*Params!$C$5*C80)*'Tính chọn'!$D$23/Params!$C$16,(Params!$C$21+GiaDinh_K3!$D$8*Params!$C$5*C80)*'Tính chọn'!$D$23*Params!$C$16)+Catalogue!$F$15*C80/'Tính chọn'!$D$23) -> 1.8740295 | G80: =IF(A80>$F$10,0,IF(('Tính chọn'!$D$6+GiaDinh_K3!$D$8*Params!$C$6*C80)>=0,('Tính chọn'!$D$6+GiaDinh_K3!$D$8*Params!$C$6*C80)*'Tính chọn'!$D$23/Params!$C$16,('Tính chọn'!$D$6+GiaDinh_K3!$D$8*Params!$C$6*C80)*'Tính chọn'!$D$23*Params!$C$16)+Catalogue!$F$15*C80/'Tính chọn'!$D$23) -> 0.26602694 | H80: =F80*D80/'Tính chọn'!$D$23 -> 279.46728
A81: =67*$B$5 -> 0.67 | B81: =IF(A81<$F$4,GiaDinh_K3!$D$12,IF(A81<$F$5,0,IF(A81<$F$6,-GiaDinh_K3!$D$12,IF(A81<$F$7,0,IF(A81<$F$8,-GiaDinh_K3!$D$12,IF(A81<$F$9,0,IF(A81<$F$10,GiaDinh_K3!$D$12,0))))))) -> 0 | C81: =IF(A81<$F$4,GiaDinh_K3!$D$12*A81,IF(A81<$F$5,GiaDinh_K3!$D$11,IF(A81<$F$6,GiaDinh_K3!$D$11-GiaDinh_K3!$D$12*(A81-$F$5),IF(A81<$F$7,0,IF(A81<$F$8,-GiaDinh_K3!$D$12*(A81-$F$7),IF(A81<$F$9,-GiaDinh_K3!$D$11,IF(A81<$F$10,-GiaDinh_K3!$D$11+GiaDinh_K3!$D$12*(A81-$F$9),0))))))) -> 0 | D81: =MAX(0,D80+(C80+C81)/2*$B$5) -> 0.12 | E81: =E80+(D80+D81)/2*$B$5 -> 0.049395 | F81: =IF(A81>$F$10,0,IF((Params!$C$21+GiaDinh_K3!$D$8*Params!$C$5*C81)>=0,(Params!$C$21+GiaDinh_K3!$D$8*Params!$C$5*C81)*'Tính chọn'!$D$23/Params!$C$16,(Params!$C$21+GiaDinh_K3!$D$8*Params!$C$5*C81)*'Tính chọn'!$D$23*Params!$C$16)+Catalogue!$F$15*C81/'Tính chọn'!$D$23) -> 1.8740295 | G81: =IF(A81>$F$10,0,IF(('Tính chọn'!$D$6+GiaDinh_K3!$D$8*Params!$C$6*C81)>=0,('Tính chọn'!$D$6+GiaDinh_K3!$D$8*Params!$C$6*C81)*'Tính chọn'!$D$23/Params!$C$16,('Tính chọn'!$D$6+GiaDinh_K3!$D$8*Params!$C$6*C81)*'Tính chọn'!$D$23*Params!$C$16)+Catalogue!$F$15*C81/'Tính chọn'!$D$23) -> 0.26602694 | H81: =F81*D81/'Tính chọn'!$D$23 -> 279.46728
A82: =68*$B$5 -> 0.68 | B82: =IF(A82<$F$4,GiaDinh_K3!$D$12,IF(A82<$F$5,0,IF(A82<$F$6,-GiaDinh_K3!$D$12,IF(A82<$F$7,0,IF(A82<$F$8,-GiaDinh_K3!$D$12,IF(A82<$F$9,0,IF(A82<$F$10,GiaDinh_K3!$D$12,0))))))) -> 0 | C82: =IF(A82<$F$4,GiaDinh_K3!$D$12*A82,IF(A82<$F$5,GiaDinh_K3!$D$11,IF(A82<$F$6,GiaDinh_K3!$D$11-GiaDinh_K3!$D$12*(A82-$F$5),IF(A82<$F$7,0,IF(A82<$F$8,-GiaDinh_K3!$D$12*(A82-$F$7),IF(A82<$F$9,-GiaDinh_K3!$D$11,IF(A82<$F$10,-GiaDinh_K3!$D$11+GiaDinh_K3!$D$12*(A82-$F$9),0))))))) -> 0 | D82: =MAX(0,D81+(C81+C82)/2*$B$5) -> 0.12 | E82: =E81+(D81+D82)/2*$B$5 -> 0.050595 | F82: =IF(A82>$F$10,0,IF((Params!$C$21+GiaDinh_K3!$D$8*Params!$C$5*C82)>=0,(Params!$C$21+GiaDinh_K3!$D$8*Params!$C$5*C82)*'Tính chọn'!$D$23/Params!$C$16,(Params!$C$21+GiaDinh_K3!$D$8*Params!$C$5*C82)*'Tính chọn'!$D$23*Params!$C$16)+Catalogue!$F$15*C82/'Tính chọn'!$D$23) -> 1.8740295 | G82: =IF(A82>$F$10,0,IF(('Tính chọn'!$D$6+GiaDinh_K3!$D$8*Params!$C$6*C82)>=0,('Tính chọn'!$D$6+GiaDinh_K3!$D$8*Params!$C$6*C82)*'Tính chọn'!$D$23/Params!$C$16,('Tính chọn'!$D$6+GiaDinh_K3!$D$8*Params!$C$6*C82)*'Tính chọn'!$D$23*Params!$C$16)+Catalogue!$F$15*C82/'Tính chọn'!$D$23) -> 0.26602694 | H82: =F82*D82/'Tính chọn'!$D$23 -> 279.46728
A83: =69*$B$5 -> 0.69 | B83: =IF(A83<$F$4,GiaDinh_K3!$D$12,IF(A83<$F$5,0,IF(A83<$F$6,-GiaDinh_K3!$D$12,IF(A83<$F$7,0,IF(A83<$F$8,-GiaDinh_K3!$D$12,IF(A83<$F$9,0,IF(A83<$F$10,GiaDinh_K3!$D$12,0))))))) -> 0 | C83: =IF(A83<$F$4,GiaDinh_K3!$D$12*A83,IF(A83<$F$5,GiaDinh_K3!$D$11,IF(A83<$F$6,GiaDinh_K3!$D$11-GiaDinh_K3!$D$12*(A83-$F$5),IF(A83<$F$7,0,IF(A83<$F$8,-GiaDinh_K3!$D$12*(A83-$F$7),IF(A83<$F$9,-GiaDinh_K3!$D$11,IF(A83<$F$10,-GiaDinh_K3!$D$11+GiaDinh_K3!$D$12*(A83-$F$9),0))))))) -> 0 | D83: =MAX(0,D82+(C82+C83)/2*$B$5) -> 0.12 | E83: =E82+(D82+D83)/2*$B$5 -> 0.051795 | F83: =IF(A83>$F$10,0,IF((Params!$C$21+GiaDinh_K3!$D$8*Params!$C$5*C83)>=0,(Params!$C$21+GiaDinh_K3!$D$8*Params!$C$5*C83)*'Tính chọn'!$D$23/Params!$C$16,(Params!$C$21+GiaDinh_K3!$D$8*Params!$C$5*C83)*'Tính chọn'!$D$23*Params!$C$16)+Catalogue!$F$15*C83/'Tính chọn'!$D$23) -> 1.8740295 | G83: =IF(A83>$F$10,0,IF(('Tính chọn'!$D$6+GiaDinh_K3!$D$8*Params!$C$6*C83)>=0,('Tính chọn'!$D$6+GiaDinh_K3!$D$8*Params!$C$6*C83)*'Tính chọn'!$D$23/Params!$C$16,('Tính chọn'!$D$6+GiaDinh_K3!$D$8*Params!$C$6*C83)*'Tính chọn'!$D$23*Params!$C$16)+Catalogue!$F$15*C83/'Tính chọn'!$D$23) -> 0.26602694 | H83: =F83*D83/'Tính chọn'!$D$23 -> 279.46728
A84: =70*$B$5 -> 0.7 | B84: =IF(A84<$F$4,GiaDinh_K3!$D$12,IF(A84<$F$5,0,IF(A84<$F$6,-GiaDinh_K3!$D$12,IF(A84<$F$7,0,IF(A84<$F$8,-GiaDinh_K3!$D$12,IF(A84<$F$9,0,IF(A84<$F$10,GiaDinh_K3!$D$12,0))))))) -> 0 | C84: =IF(A84<$F$4,GiaDinh_K3!$D$12*A84,IF(A84<$F$5,GiaDinh_K3!$D$11,IF(A84<$F$6,GiaDinh_K3!$D$11-GiaDinh_K3!$D$12*(A84-$F$5),IF(A84<$F$7,0,IF(A84<$F$8,-GiaDinh_K3!$D$12*(A84-$F$7),IF(A84<$F$9,-GiaDinh_K3!$D$11,IF(A84<$F$10,-GiaDinh_K3!$D$11+GiaDinh_K3!$D$12*(A84-$F$9),0))))))) -> 0 | D84: =MAX(0,D83+(C83+C84)/2*$B$5) -> 0.12 | E84: =E83+(D83+D84)/2*$B$5 -> 0.052995 | F84: =IF(A84>$F$10,0,IF((Params!$C$21+GiaDinh_K3!$D$8*Params!$C$5*C84)>=0,(Params!$C$21+GiaDinh_K3!$D$8*Params!$C$5*C84)*'Tính chọn'!$D$23/Params!$C$16,(Params!$C$21+GiaDinh_K3!$D$8*Params!$C$5*C84)*'Tính chọn'!$D$23*Params!$C$16)+Catalogue!$F$15*C84/'Tính chọn'!$D$23) -> 1.8740295 | G84: =IF(A84>$F$10,0,IF(('Tính chọn'!$D$6+GiaDinh_K3!$D$8*Params!$C$6*C84)>=0,('Tính chọn'!$D$6+GiaDinh_K3!$D$8*Params!$C$6*C84)*'Tính chọn'!$D$23/Params!$C$16,('Tính chọn'!$D$6+GiaDinh_K3!$D$8*Params!$C$6*C84)*'Tính chọn'!$D$23*Params!$C$16)+Catalogue!$F$15*C84/'Tính chọn'!$D$23) -> 0.26602694 | H84: =F84*D84/'Tính chọn'!$D$23 -> 279.46728
A85: =71*$B$5 -> 0.71 | B85: =IF(A85<$F$4,GiaDinh_K3!$D$12,IF(A85<$F$5,0,IF(A85<$F$6,-GiaDinh_K3!$D$12,IF(A85<$F$7,0,IF(A85<$F$8,-GiaDinh_K3!$D$12,IF(A85<$F$9,0,IF(A85<$F$10,GiaDinh_K3!$D$12,0))))))) -> 0 | C85: =IF(A85<$F$4,GiaDinh_K3!$D$12*A85,IF(A85<$F$5,GiaDinh_K3!$D$11,IF(A85<$F$6,GiaDinh_K3!$D$11-GiaDinh_K3!$D$12*(A85-$F$5),IF(A85<$F$7,0,IF(A85<$F$8,-GiaDinh_K3!$D$12*(A85-$F$7),IF(A85<$F$9,-GiaDinh_K3!$D$11,IF(A85<$F$10,-GiaDinh_K3!$D$11+GiaDinh_K3!$D$12*(A85-$F$9),0))))))) -> 0 | D85: =MAX(0,D84+(C84+C85)/2*$B$5) -> 0.12 | E85: =E84+(D84+D85)/2*$B$5 -> 0.054195 | F85: =IF(A85>$F$10,0,IF((Params!$C$21+GiaDinh_K3!$D$8*Params!$C$5*C85)>=0,(Params!$C$21+GiaDinh_K3!$D$8*Params!$C$5*C85)*'Tính chọn'!$D$23/Params!$C$16,(Params!$C$21+GiaDinh_K3!$D$8*Params!$C$5*C85)*'Tính chọn'!$D$23*Params!$C$16)+Catalogue!$F$15*C85/'Tính chọn'!$D$23) -> 1.8740295 | G85: =IF(A85>$F$10,0,IF(('Tính chọn'!$D$6+GiaDinh_K3!$D$8*Params!$C$6*C85)>=0,('Tính chọn'!$D$6+GiaDinh_K3!$D$8*Params!$C$6*C85)*'Tính chọn'!$D$23/Params!$C$16,('Tính chọn'!$D$6+GiaDinh_K3!$D$8*Params!$C$6*C85)*'Tính chọn'!$D$23*Params!$C$16)+Catalogue!$F$15*C85/'Tính chọn'!$D$23) -> 0.26602694 | H85: =F85*D85/'Tính chọn'!$D$23 -> 279.46728
A86: =72*$B$5 -> 0.72 | B86: =IF(A86<$F$4,GiaDinh_K3!$D$12,IF(A86<$F$5,0,IF(A86<$F$6,-GiaDinh_K3!$D$12,IF(A86<$F$7,0,IF(A86<$F$8,-GiaDinh_K3!$D$12,IF(A86<$F$9,0,IF(A86<$F$10,GiaDinh_K3!$D$12,0))))))) -> 0 | C86: =IF(A86<$F$4,GiaDinh_K3!$D$12*A86,IF(A86<$F$5,GiaDinh_K3!$D$11,IF(A86<$F$6,GiaDinh_K3!$D$11-GiaDinh_K3!$D$12*(A86-$F$5),IF(A86<$F$7,0,IF(A86<$F$8,-GiaDinh_K3!$D$12*(A86-$F$7),IF(A86<$F$9,-GiaDinh_K3!$D$11,IF(A86<$F$10,-GiaDinh_K3!$D$11+GiaDinh_K3!$D$12*(A86-$F$9),0))))))) -> 0 | D86: =MAX(0,D85+(C85+C86)/2*$B$5) -> 0.12 | E86: =E85+(D85+D86)/2*$B$5 -> 0.055395 | F86: =IF(A86>$F$10,0,IF((Params!$C$21+GiaDinh_K3!$D$8*Params!$C$5*C86)>=0,(Params!$C$21+GiaDinh_K3!$D$8*Params!$C$5*C86)*'Tính chọn'!$D$23/Params!$C$16,(Params!$C$21+GiaDinh_K3!$D$8*Params!$C$5*C86)*'Tính chọn'!$D$23*Params!$C$16)+Catalogue!$F$15*C86/'Tính chọn'!$D$23) -> 1.8740295 | G86: =IF(A86>$F$10,0,IF(('Tính chọn'!$D$6+GiaDinh_K3!$D$8*Params!$C$6*C86)>=0,('Tính chọn'!$D$6+GiaDinh_K3!$D$8*Params!$C$6*C86)*'Tính chọn'!$D$23/Params!$C$16,('Tính chọn'!$D$6+GiaDinh_K3!$D$8*Params!$C$6*C86)*'Tính chọn'!$D$23*Params!$C$16)+Catalogue!$F$15*C86/'Tính chọn'!$D$23) -> 0.26602694 | H86: =F86*D86/'Tính chọn'!$D$23 -> 279.46728
A87: =73*$B$5 -> 0.73 | B87: =IF(A87<$F$4,GiaDinh_K3!$D$12,IF(A87<$F$5,0,IF(A87<$F$6,-GiaDinh_K3!$D$12,IF(A87<$F$7,0,IF(A87<$F$8,-GiaDinh_K3!$D$12,IF(A87<$F$9,0,IF(A87<$F$10,GiaDinh_K3!$D$12,0))))))) -> 0 | C87: =IF(A87<$F$4,GiaDinh_K3!$D$12*A87,IF(A87<$F$5,GiaDinh_K3!$D$11,IF(A87<$F$6,GiaDinh_K3!$D$11-GiaDinh_K3!$D$12*(A87-$F$5),IF(A87<$F$7,0,IF(A87<$F$8,-GiaDinh_K3!$D$12*(A87-$F$7),IF(A87<$F$9,-GiaDinh_K3!$D$11,IF(A87<$F$10,-GiaDinh_K3!$D$11+GiaDinh_K3!$D$12*(A87-$F$9),0))))))) -> 0 | D87: =MAX(0,D86+(C86+C87)/2*$B$5) -> 0.12 | E87: =E86+(D86+D87)/2*$B$5 -> 0.056595 | F87: =IF(A87>$F$10,0,IF((Params!$C$21+GiaDinh_K3!$D$8*Params!$C$5*C87)>=0,(Params!$C$21+GiaDinh_K3!$D$8*Params!$C$5*C87)*'Tính chọn'!$D$23/Params!$C$16,(Params!$C$21+GiaDinh_K3!$D$8*Params!$C$5*C87)*'Tính chọn'!$D$23*Params!$C$16)+Catalogue!$F$15*C87/'Tính chọn'!$D$23) -> 1.8740295 | G87: =IF(A87>$F$10,0,IF(('Tính chọn'!$D$6+GiaDinh_K3!$D$8*Params!$C$6*C87)>=0,('Tính chọn'!$D$6+GiaDinh_K3!$D$8*Params!$C$6*C87)*'Tính chọn'!$D$23/Params!$C$16,('Tính chọn'!$D$6+GiaDinh_K3!$D$8*Params!$C$6*C87)*'Tính chọn'!$D$23*Params!$C$16)+Catalogue!$F$15*C87/'Tính chọn'!$D$23) -> 0.26602694 | H87: =F87*D87/'Tính chọn'!$D$23 -> 279.46728
A88: =74*$B$5 -> 0.74 | B88: =IF(A88<$F$4,GiaDinh_K3!$D$12,IF(A88<$F$5,0,IF(A88<$F$6,-GiaDinh_K3!$D$12,IF(A88<$F$7,0,IF(A88<$F$8,-GiaDinh_K3!$D$12,IF(A88<$F$9,0,IF(A88<$F$10,GiaDinh_K3!$D$12,0))))))) -> 0 | C88: =IF(A88<$F$4,GiaDinh_K3!$D$12*A88,IF(A88<$F$5,GiaDinh_K3!$D$11,IF(A88<$F$6,GiaDinh_K3!$D$11-GiaDinh_K3!$D$12*(A88-$F$5),IF(A88<$F$7,0,IF(A88<$F$8,-GiaDinh_K3!$D$12*(A88-$F$7),IF(A88<$F$9,-GiaDinh_K3!$D$11,IF(A88<$F$10,-GiaDinh_K3!$D$11+GiaDinh_K3!$D$12*(A88-$F$9),0))))))) -> 0 | D88: =MAX(0,D87+(C87+C88)/2*$B$5) -> 0.12 | E88: =E87+(D87+D88)/2*$B$5 -> 0.057795 | F88: =IF(A88>$F$10,0,IF((Params!$C$21+GiaDinh_K3!$D$8*Params!$C$5*C88)>=0,(Params!$C$21+GiaDinh_K3!$D$8*Params!$C$5*C88)*'Tính chọn'!$D$23/Params!$C$16,(Params!$C$21+GiaDinh_K3!$D$8*Params!$C$5*C88)*'Tính chọn'!$D$23*Params!$C$16)+Catalogue!$F$15*C88/'Tính chọn'!$D$23) -> 1.8740295 | G88: =IF(A88>$F$10,0,IF(('Tính chọn'!$D$6+GiaDinh_K3!$D$8*Params!$C$6*C88)>=0,('Tính chọn'!$D$6+GiaDinh_K3!$D$8*Params!$C$6*C88)*'Tính chọn'!$D$23/Params!$C$16,('Tính chọn'!$D$6+GiaDinh_K3!$D$8*Params!$C$6*C88)*'Tính chọn'!$D$23*Params!$C$16)+Catalogue!$F$15*C88/'Tính chọn'!$D$23) -> 0.26602694 | H88: =F88*D88/'Tính chọn'!$D$23 -> 279.46728
A89: =75*$B$5 -> 0.75 | B89: =IF(A89<$F$4,GiaDinh_K3!$D$12,IF(A89<$F$5,0,IF(A89<$F$6,-GiaDinh_K3!$D$12,IF(A89<$F$7,0,IF(A89<$F$8,-GiaDinh_K3!$D$12,IF(A89<$F$9,0,IF(A89<$F$10,GiaDinh_K3!$D$12,0))))))) -> 0 | C89: =IF(A89<$F$4,GiaDinh_K3!$D$12*A89,IF(A89<$F$5,GiaDinh_K3!$D$11,IF(A89<$F$6,GiaDinh_K3!$D$11-GiaDinh_K3!$D$12*(A89-$F$5),IF(A89<$F$7,0,IF(A89<$F$8,-GiaDinh_K3!$D$12*(A89-$F$7),IF(A89<$F$9,-GiaDinh_K3!$D$11,IF(A89<$F$10,-GiaDinh_K3!$D$11+GiaDinh_K3!$D$12*(A89-$F$9),0))))))) -> 0 | D89: =MAX(0,D88+(C88+C89)/2*$B$5) -> 0.12 | E89: =E88+(D88+D89)/2*$B$5 -> 0.058995 | F89: =IF(A89>$F$10,0,IF((Params!$C$21+GiaDinh_K3!$D$8*Params!$C$5*C89)>=0,(Params!$C$21+GiaDinh_K3!$D$8*Params!$C$5*C89)*'Tính chọn'!$D$23/Params!$C$16,(Params!$C$21+GiaDinh_K3!$D$8*Params!$C$5*C89)*'Tính chọn'!$D$23*Params!$C$16)+Catalogue!$F$15*C89/'Tính chọn'!$D$23) -> 1.8740295 | G89: =IF(A89>$F$10,0,IF(('Tính chọn'!$D$6+GiaDinh_K3!$D$8*Params!$C$6*C89)>=0,('Tính chọn'!$D$6+GiaDinh_K3!$D$8*Params!$C$6*C89)*'Tính chọn'!$D$23/Params!$C$16,('Tính chọn'!$D$6+GiaDinh_K3!$D$8*Params!$C$6*C89)*'Tính chọn'!$D$23*Params!$C$16)+Catalogue!$F$15*C89/'Tính chọn'!$D$23) -> 0.26602694 | H89: =F89*D89/'Tính chọn'!$D$23 -> 279.46728
A90: =76*$B$5 -> 0.76 | B90: =IF(A90<$F$4,GiaDinh_K3!$D$12,IF(A90<$F$5,0,IF(A90<$F$6,-GiaDinh_K3!$D$12,IF(A90<$F$7,0,IF(A90<$F$8,-GiaDinh_K3!$D$12,IF(A90<$F$9,0,IF(A90<$F$10,GiaDinh_K3!$D$12,0))))))) -> 0 | C90: =IF(A90<$F$4,GiaDinh_K3!$D$12*A90,IF(A90<$F$5,GiaDinh_K3!$D$11,IF(A90<$F$6,GiaDinh_K3!$D$11-GiaDinh_K3!$D$12*(A90-$F$5),IF(A90<$F$7,0,IF(A90<$F$8,-GiaDinh_K3!$D$12*(A90-$F$7),IF(A90<$F$9,-GiaDinh_K3!$D$11,IF(A90<$F$10,-GiaDinh_K3!$D$11+GiaDinh_K3!$D$12*(A90-$F$9),0))))))) -> 0 | D90: =MAX(0,D89+(C89+C90)/2*$B$5) -> 0.12 | E90: =E89+(D89+D90)/2*$B$5 -> 0.060195 | F90: =IF(A90>$F$10,0,IF((Params!$C$21+GiaDinh_K3!$D$8*Params!$C$5*C90)>=0,(Params!$C$21+GiaDinh_K3!$D$8*Params!$C$5*C90)*'Tính chọn'!$D$23/Params!$C$16,(Params!$C$21+GiaDinh_K3!$D$8*Params!$C$5*C90)*'Tính chọn'!$D$23*Params!$C$16)+Catalogue!$F$15*C90/'Tính chọn'!$D$23) -> 1.8740295 | G90: =IF(A90>$F$10,0,IF(('Tính chọn'!$D$6+GiaDinh_K3!$D$8*Params!$C$6*C90)>=0,('Tính chọn'!$D$6+GiaDinh_K3!$D$8*Params!$C$6*C90)*'Tính chọn'!$D$23/Params!$C$16,('Tính chọn'!$D$6+GiaDinh_K3!$D$8*Params!$C$6*C90)*'Tính chọn'!$D$23*Params!$C$16)+Catalogue!$F$15*C90/'Tính chọn'!$D$23) -> 0.26602694 | H90: =F90*D90/'Tính chọn'!$D$23 -> 279.46728
A91: =77*$B$5 -> 0.77 | B91: =IF(A91<$F$4,GiaDinh_K3!$D$12,IF(A91<$F$5,0,IF(A91<$F$6,-GiaDinh_K3!$D$12,IF(A91<$F$7,0,IF(A91<$F$8,-GiaDinh_K3!$D$12,IF(A91<$F$9,0,IF(A91<$F$10,GiaDinh_K3!$D$12,0))))))) -> 0 | C91: =IF(A91<$F$4,GiaDinh_K3!$D$12*A91,IF(A91<$F$5,GiaDinh_K3!$D$11,IF(A91<$F$6,GiaDinh_K3!$D$11-GiaDinh_K3!$D$12*(A91-$F$5),IF(A91<$F$7,0,IF(A91<$F$8,-GiaDinh_K3!$D$12*(A91-$F$7),IF(A91<$F$9,-GiaDinh_K3!$D$11,IF(A91<$F$10,-GiaDinh_K3!$D$11+GiaDinh_K3!$D$12*(A91-$F$9),0))))))) -> 0 | D91: =MAX(0,D90+(C90+C91)/2*$B$5) -> 0.12 | E91: =E90+(D90+D91)/2*$B$5 -> 0.061395 | F91: =IF(A91>$F$10,0,IF((Params!$C$21+GiaDinh_K3!$D$8*Params!$C$5*C91)>=0,(Params!$C$21+GiaDinh_K3!$D$8*Params!$C$5*C91)*'Tính chọn'!$D$23/Params!$C$16,(Params!$C$21+GiaDinh_K3!$D$8*Params!$C$5*C91)*'Tính chọn'!$D$23*Params!$C$16)+Catalogue!$F$15*C91/'Tính chọn'!$D$23) -> 1.8740295 | G91: =IF(A91>$F$10,0,IF(('Tính chọn'!$D$6+GiaDinh_K3!$D$8*Params!$C$6*C91)>=0,('Tính chọn'!$D$6+GiaDinh_K3!$D$8*Params!$C$6*C91)*'Tính chọn'!$D$23/Params!$C$16,('Tính chọn'!$D$6+GiaDinh_K3!$D$8*Params!$C$6*C91)*'Tính chọn'!$D$23*Params!$C$16)+Catalogue!$F$15*C91/'Tính chọn'!$D$23) -> 0.26602694 | H91: =F91*D91/'Tính chọn'!$D$23 -> 279.46728
A92: =78*$B$5 -> 0.78 | B92: =IF(A92<$F$4,GiaDinh_K3!$D$12,IF(A92<$F$5,0,IF(A92<$F$6,-GiaDinh_K3!$D$12,IF(A92<$F$7,0,IF(A92<$F$8,-GiaDinh_K3!$D$12,IF(A92<$F$9,0,IF(A92<$F$10,GiaDinh_K3!$D$12,0))))))) -> 0 | C92: =IF(A92<$F$4,GiaDinh_K3!$D$12*A92,IF(A92<$F$5,GiaDinh_K3!$D$11,IF(A92<$F$6,GiaDinh_K3!$D$11-GiaDinh_K3!$D$12*(A92-$F$5),IF(A92<$F$7,0,IF(A92<$F$8,-GiaDinh_K3!$D$12*(A92-$F$7),IF(A92<$F$9,-GiaDinh_K3!$D$11,IF(A92<$F$10,-GiaDinh_K3!$D$11+GiaDinh_K3!$D$12*(A92-$F$9),0))))))) -> 0 | D92: =MAX(0,D91+(C91+C92)/2*$B$5) -> 0.12 | E92: =E91+(D91+D92)/2*$B$5 -> 0.062595 | F92: =IF(A92>$F$10,0,IF((Params!$C$21+GiaDinh_K3!$D$8*Params!$C$5*C92)>=0,(Params!$C$21+GiaDinh_K3!$D$8*Params!$C$5*C92)*'Tính chọn'!$D$23/Params!$C$16,(Params!$C$21+GiaDinh_K3!$D$8*Params!$C$5*C92)*'Tính chọn'!$D$23*Params!$C$16)+Catalogue!$F$15*C92/'Tính chọn'!$D$23) -> 1.8740295 | G92: =IF(A92>$F$10,0,IF(('Tính chọn'!$D$6+GiaDinh_K3!$D$8*Params!$C$6*C92)>=0,('Tính chọn'!$D$6+GiaDinh_K3!$D$8*Params!$C$6*C92)*'Tính chọn'!$D$23/Params!$C$16,('Tính chọn'!$D$6+GiaDinh_K3!$D$8*Params!$C$6*C92)*'Tính chọn'!$D$23*Params!$C$16)+Catalogue!$F$15*C92/'Tính chọn'!$D$23) -> 0.26602694 | H92: =F92*D92/'Tính chọn'!$D$23 -> 279.46728
A93: =79*$B$5 -> 0.79 | B93: =IF(A93<$F$4,GiaDinh_K3!$D$12,IF(A93<$F$5,0,IF(A93<$F$6,-GiaDinh_K3!$D$12,IF(A93<$F$7,0,IF(A93<$F$8,-GiaDinh_K3!$D$12,IF(A93<$F$9,0,IF(A93<$F$10,GiaDinh_K3!$D$12,0))))))) -> 0 | C93: =IF(A93<$F$4,GiaDinh_K3!$D$12*A93,IF(A93<$F$5,GiaDinh_K3!$D$11,IF(A93<$F$6,GiaDinh_K3!$D$11-GiaDinh_K3!$D$12*(A93-$F$5),IF(A93<$F$7,0,IF(A93<$F$8,-GiaDinh_K3!$D$12*(A93-$F$7),IF(A93<$F$9,-GiaDinh_K3!$D$11,IF(A93<$F$10,-GiaDinh_K3!$D$11+GiaDinh_K3!$D$12*(A93-$F$9),0))))))) -> 0 | D93: =MAX(0,D92+(C92+C93)/2*$B$5) -> 0.12 | E93: =E92+(D92+D93)/2*$B$5 -> 0.063795 | F93: =IF(A93>$F$10,0,IF((Params!$C$21+GiaDinh_K3!$D$8*Params!$C$5*C93)>=0,(Params!$C$21+GiaDinh_K3!$D$8*Params!$C$5*C93)*'Tính chọn'!$D$23/Params!$C$16,(Params!$C$21+GiaDinh_K3!$D$8*Params!$C$5*C93)*'Tính chọn'!$D$23*Params!$C$16)+Catalogue!$F$15*C93/'Tính chọn'!$D$23) -> 1.8740295 | G93: =IF(A93>$F$10,0,IF(('Tính chọn'!$D$6+GiaDinh_K3!$D$8*Params!$C$6*C93)>=0,('Tính chọn'!$D$6+GiaDinh_K3!$D$8*Params!$C$6*C93)*'Tính chọn'!$D$23/Params!$C$16,('Tính chọn'!$D$6+GiaDinh_K3!$D$8*Params!$C$6*C93)*'Tính chọn'!$D$23*Params!$C$16)+Catalogue!$F$15*C93/'Tính chọn'!$D$23) -> 0.26602694 | H93: =F93*D93/'Tính chọn'!$D$23 -> 279.46728
A94: =80*$B$5 -> 0.8 | B94: =IF(A94<$F$4,GiaDinh_K3!$D$12,IF(A94<$F$5,0,IF(A94<$F$6,-GiaDinh_K3!$D$12,IF(A94<$F$7,0,IF(A94<$F$8,-GiaDinh_K3!$D$12,IF(A94<$F$9,0,IF(A94<$F$10,GiaDinh_K3!$D$12,0))))))) -> 0 | C94: =IF(A94<$F$4,GiaDinh_K3!$D$12*A94,IF(A94<$F$5,GiaDinh_K3!$D$11,IF(A94<$F$6,GiaDinh_K3!$D$11-GiaDinh_K3!$D$12*(A94-$F$5),IF(A94<$F$7,0,IF(A94<$F$8,-GiaDinh_K3!$D$12*(A94-$F$7),IF(A94<$F$9,-GiaDinh_K3!$D$11,IF(A94<$F$10,-GiaDinh_K3!$D$11+GiaDinh_K3!$D$12*(A94-$F$9),0))))))) -> 0 | D94: =MAX(0,D93+(C93+C94)/2*$B$5) -> 0.12 | E94: =E93+(D93+D94)/2*$B$5 -> 0.064995 | F94: =IF(A94>$F$10,0,IF((Params!$C$21+GiaDinh_K3!$D$8*Params!$C$5*C94)>=0,(Params!$C$21+GiaDinh_K3!$D$8*Params!$C$5*C94)*'Tính chọn'!$D$23/Params!$C$16,(Params!$C$21+GiaDinh_K3!$D$8*Params!$C$5*C94)*'Tính chọn'!$D$23*Params!$C$16)+Catalogue!$F$15*C94/'Tính chọn'!$D$23) -> 1.8740295 | G94: =IF(A94>$F$10,0,IF(('Tính chọn'!$D$6+GiaDinh_K3!$D$8*Params!$C$6*C94)>=0,('Tính chọn'!$D$6+GiaDinh_K3!$D$8*Params!$C$6*C94)*'Tính chọn'!$D$23/Params!$C$16,('Tính chọn'!$D$6+GiaDinh_K3!$D$8*Params!$C$6*C94)*'Tính chọn'!$D$23*Params!$C$16)+Catalogue!$F$15*C94/'Tính chọn'!$D$23) -> 0.26602694 | H94: =F94*D94/'Tính chọn'!$D$23 -> 279.46728
A95: =81*$B$5 -> 0.81 | B95: =IF(A95<$F$4,GiaDinh_K3!$D$12,IF(A95<$F$5,0,IF(A95<$F$6,-GiaDinh_K3!$D$12,IF(A95<$F$7,0,IF(A95<$F$8,-GiaDinh_K3!$D$12,IF(A95<$F$9,0,IF(A95<$F$10,GiaDinh_K3!$D$12,0))))))) -> 0 | C95: =IF(A95<$F$4,GiaDinh_K3!$D$12*A95,IF(A95<$F$5,GiaDinh_K3!$D$11,IF(A95<$F$6,GiaDinh_K3!$D$11-GiaDinh_K3!$D$12*(A95-$F$5),IF(A95<$F$7,0,IF(A95<$F$8,-GiaDinh_K3!$D$12*(A95-$F$7),IF(A95<$F$9,-GiaDinh_K3!$D$11,IF(A95<$F$10,-GiaDinh_K3!$D$11+GiaDinh_K3!$D$12*(A95-$F$9),0))))))) -> 0 | D95: =MAX(0,D94+(C94+C95)/2*$B$5) -> 0.12 | E95: =E94+(D94+D95)/2*$B$5 -> 0.066195 | F95: =IF(A95>$F$10,0,IF((Params!$C$21+GiaDinh_K3!$D$8*Params!$C$5*C95)>=0,(Params!$C$21+GiaDinh_K3!$D$8*Params!$C$5*C95)*'Tính chọn'!$D$23/Params!$C$16,(Params!$C$21+GiaDinh_K3!$D$8*Params!$C$5*C95)*'Tính chọn'!$D$23*Params!$C$16)+Catalogue!$F$15*C95/'Tính chọn'!$D$23) -> 1.8740295 | G95: =IF(A95>$F$10,0,IF(('Tính chọn'!$D$6+GiaDinh_K3!$D$8*Params!$C$6*C95)>=0,('Tính chọn'!$D$6+GiaDinh_K3!$D$8*Params!$C$6*C95)*'Tính chọn'!$D$23/Params!$C$16,('Tính chọn'!$D$6+GiaDinh_K3!$D$8*Params!$C$6*C95)*'Tính chọn'!$D$23*Params!$C$16)+Catalogue!$F$15*C95/'Tính chọn'!$D$23) -> 0.26602694 | H95: =F95*D95/'Tính chọn'!$D$23 -> 279.46728
A96: =82*$B$5 -> 0.82 | B96: =IF(A96<$F$4,GiaDinh_K3!$D$12,IF(A96<$F$5,0,IF(A96<$F$6,-GiaDinh_K3!$D$12,IF(A96<$F$7,0,IF(A96<$F$8,-GiaDinh_K3!$D$12,IF(A96<$F$9,0,IF(A96<$F$10,GiaDinh_K3!$D$12,0))))))) -> 0 | C96: =IF(A96<$F$4,GiaDinh_K3!$D$12*A96,IF(A96<$F$5,GiaDinh_K3!$D$11,IF(A96<$F$6,GiaDinh_K3!$D$11-GiaDinh_K3!$D$12*(A96-$F$5),IF(A96<$F$7,0,IF(A96<$F$8,-GiaDinh_K3!$D$12*(A96-$F$7),IF(A96<$F$9,-GiaDinh_K3!$D$11,IF(A96<$F$10,-GiaDinh_K3!$D$11+GiaDinh_K3!$D$12*(A96-$F$9),0))))))) -> 0 | D96: =MAX(0,D95+(C95+C96)/2*$B$5) -> 0.12 | E96: =E95+(D95+D96)/2*$B$5 -> 0.067395 | F96: =IF(A96>$F$10,0,IF((Params!$C$21+GiaDinh_K3!$D$8*Params!$C$5*C96)>=0,(Params!$C$21+GiaDinh_K3!$D$8*Params!$C$5*C96)*'Tính chọn'!$D$23/Params!$C$16,(Params!$C$21+GiaDinh_K3!$D$8*Params!$C$5*C96)*'Tính chọn'!$D$23*Params!$C$16)+Catalogue!$F$15*C96/'Tính chọn'!$D$23) -> 1.8740295 | G96: =IF(A96>$F$10,0,IF(('Tính chọn'!$D$6+GiaDinh_K3!$D$8*Params!$C$6*C96)>=0,('Tính chọn'!$D$6+GiaDinh_K3!$D$8*Params!$C$6*C96)*'Tính chọn'!$D$23/Params!$C$16,('Tính chọn'!$D$6+GiaDinh_K3!$D$8*Params!$C$6*C96)*'Tính chọn'!$D$23*Params!$C$16)+Catalogue!$F$15*C96/'Tính chọn'!$D$23) -> 0.26602694 | H96: =F96*D96/'Tính chọn'!$D$23 -> 279.46728
A97: =83*$B$5 -> 0.83 | B97: =IF(A97<$F$4,GiaDinh_K3!$D$12,IF(A97<$F$5,0,IF(A97<$F$6,-GiaDinh_K3!$D$12,IF(A97<$F$7,0,IF(A97<$F$8,-GiaDinh_K3!$D$12,IF(A97<$F$9,0,IF(A97<$F$10,GiaDinh_K3!$D$12,0))))))) -> 0 | C97: =IF(A97<$F$4,GiaDinh_K3!$D$12*A97,IF(A97<$F$5,GiaDinh_K3!$D$11,IF(A97<$F$6,GiaDinh_K3!$D$11-GiaDinh_K3!$D$12*(A97-$F$5),IF(A97<$F$7,0,IF(A97<$F$8,-GiaDinh_K3!$D$12*(A97-$F$7),IF(A97<$F$9,-GiaDinh_K3!$D$11,IF(A97<$F$10,-GiaDinh_K3!$D$11+GiaDinh_K3!$D$12*(A97-$F$9),0))))))) -> 0 | D97: =MAX(0,D96+(C96+C97)/2*$B$5) -> 0.12 | E97: =E96+(D96+D97)/2*$B$5 -> 0.068595 | F97: =IF(A97>$F$10,0,IF((Params!$C$21+GiaDinh_K3!$D$8*Params!$C$5*C97)>=0,(Params!$C$21+GiaDinh_K3!$D$8*Params!$C$5*C97)*'Tính chọn'!$D$23/Params!$C$16,(Params!$C$21+GiaDinh_K3!$D$8*Params!$C$5*C97)*'Tính chọn'!$D$23*Params!$C$16)+Catalogue!$F$15*C97/'Tính chọn'!$D$23) -> 1.8740295 | G97: =IF(A97>$F$10,0,IF(('Tính chọn'!$D$6+GiaDinh_K3!$D$8*Params!$C$6*C97)>=0,('Tính chọn'!$D$6+GiaDinh_K3!$D$8*Params!$C$6*C97)*'Tính chọn'!$D$23/Params!$C$16,('Tính chọn'!$D$6+GiaDinh_K3!$D$8*Params!$C$6*C97)*'Tính chọn'!$D$23*Params!$C$16)+Catalogue!$F$15*C97/'Tính chọn'!$D$23) -> 0.26602694 | H97: =F97*D97/'Tính chọn'!$D$23 -> 279.46728
A98: =84*$B$5 -> 0.84 | B98: =IF(A98<$F$4,GiaDinh_K3!$D$12,IF(A98<$F$5,0,IF(A98<$F$6,-GiaDinh_K3!$D$12,IF(A98<$F$7,0,IF(A98<$F$8,-GiaDinh_K3!$D$12,IF(A98<$F$9,0,IF(A98<$F$10,GiaDinh_K3!$D$12,0))))))) -> 0 | C98: =IF(A98<$F$4,GiaDinh_K3!$D$12*A98,IF(A98<$F$5,GiaDinh_K3!$D$11,IF(A98<$F$6,GiaDinh_K3!$D$11-GiaDinh_K3!$D$12*(A98-$F$5),IF(A98<$F$7,0,IF(A98<$F$8,-GiaDinh_K3!$D$12*(A98-$F$7),IF(A98<$F$9,-GiaDinh_K3!$D$11,IF(A98<$F$10,-GiaDinh_K3!$D$11+GiaDinh_K3!$D$12*(A98-$F$9),0))))))) -> 0 | D98: =MAX(0,D97+(C97+C98)/2*$B$5) -> 0.12 | E98: =E97+(D97+D98)/2*$B$5 -> 0.069795 | F98: =IF(A98>$F$10,0,IF((Params!$C$21+GiaDinh_K3!$D$8*Params!$C$5*C98)>=0,(Params!$C$21+GiaDinh_K3!$D$8*Params!$C$5*C98)*'Tính chọn'!$D$23/Params!$C$16,(Params!$C$21+GiaDinh_K3!$D$8*Params!$C$5*C98)*'Tính chọn'!$D$23*Params!$C$16)+Catalogue!$F$15*C98/'Tính chọn'!$D$23) -> 1.8740295 | G98: =IF(A98>$F$10,0,IF(('Tính chọn'!$D$6+GiaDinh_K3!$D$8*Params!$C$6*C98)>=0,('Tính chọn'!$D$6+GiaDinh_K3!$D$8*Params!$C$6*C98)*'Tính chọn'!$D$23/Params!$C$16,('Tính chọn'!$D$6+GiaDinh_K3!$D$8*Params!$C$6*C98)*'Tính chọn'!$D$23*Params!$C$16)+Catalogue!$F$15*C98/'Tính chọn'!$D$23) -> 0.26602694 | H98: =F98*D98/'Tính chọn'!$D$23 -> 279.46728
A99: =85*$B$5 -> 0.85 | B99: =IF(A99<$F$4,GiaDinh_K3!$D$12,IF(A99<$F$5,0,IF(A99<$F$6,-GiaDinh_K3!$D$12,IF(A99<$F$7,0,IF(A99<$F$8,-GiaDinh_K3!$D$12,IF(A99<$F$9,0,IF(A99<$F$10,GiaDinh_K3!$D$12,0))))))) -> 0 | C99: =IF(A99<$F$4,GiaDinh_K3!$D$12*A99,IF(A99<$F$5,GiaDinh_K3!$D$11,IF(A99<$F$6,GiaDinh_K3!$D$11-GiaDinh_K3!$D$12*(A99-$F$5),IF(A99<$F$7,0,IF(A99<$F$8,-GiaDinh_K3!$D$12*(A99-$F$7),IF(A99<$F$9,-GiaDinh_K3!$D$11,IF(A99<$F$10,-GiaDinh_K3!$D$11+GiaDinh_K3!$D$12*(A99-$F$9),0))))))) -> 0 | D99: =MAX(0,D98+(C98+C99)/2*$B$5) -> 0.12 | E99: =E98+(D98+D99)/2*$B$5 -> 0.070995 | F99: =IF(A99>$F$10,0,IF((Params!$C$21+GiaDinh_K3!$D$8*Params!$C$5*C99)>=0,(Params!$C$21+GiaDinh_K3!$D$8*Params!$C$5*C99)*'Tính chọn'!$D$23/Params!$C$16,(Params!$C$21+GiaDinh_K3!$D$8*Params!$C$5*C99)*'Tính chọn'!$D$23*Params!$C$16)+Catalogue!$F$15*C99/'Tính chọn'!$D$23) -> 1.8740295 | G99: =IF(A99>$F$10,0,IF(('Tính chọn'!$D$6+GiaDinh_K3!$D$8*Params!$C$6*C99)>=0,('Tính chọn'!$D$6+GiaDinh_K3!$D$8*Params!$C$6*C99)*'Tính chọn'!$D$23/Params!$C$16,('Tính chọn'!$D$6+GiaDinh_K3!$D$8*Params!$C$6*C99)*'Tính chọn'!$D$23*Params!$C$16)+Catalogue!$F$15*C99/'Tính chọn'!$D$23) -> 0.26602694 | H99: =F99*D99/'Tính chọn'!$D$23 -> 279.46728
A100: =86*$B$5 -> 0.86 | B100: =IF(A100<$F$4,GiaDinh_K3!$D$12,IF(A100<$F$5,0,IF(A100<$F$6,-GiaDinh_K3!$D$12,IF(A100<$F$7,0,IF(A100<$F$8,-GiaDinh_K3!$D$12,IF(A100<$F$9,0,IF(A100<$F$10,GiaDinh_K3!$D$12,0))))))) -> 0 | C100: =IF(A100<$F$4,GiaDinh_K3!$D$12*A100,IF(A100<$F$5,GiaDinh_K3!$D$11,IF(A100<$F$6,GiaDinh_K3!$D$11-GiaDinh_K3!$D$12*(A100-$F$5),IF(A100<$F$7,0,IF(A100<$F$8,-GiaDinh_K3!$D$12*(A100-$F$7),IF(A100<$F$9,-GiaDinh_K3!$D$11,IF(A100<$F$10,-GiaDinh_K3!$D$11+GiaDinh_K3!$D$12*(A100-$F$9),0))))))) -> 0 | D100: =MAX(0,D99+(C99+C100)/2*$B$5) -> 0.12 | E100: =E99+(D99+D100)/2*$B$5 -> 0.072195 | F100: =IF(A100>$F$10,0,IF((Params!$C$21+GiaDinh_K3!$D$8*Params!$C$5*C100)>=0,(Params!$C$21+GiaDinh_K3!$D$8*Params!$C$5*C100)*'Tính chọn'!$D$23/Params!$C$16,(Params!$C$21+GiaDinh_K3!$D$8*Params!$C$5*C100)*'Tính chọn'!$D$23*Params!$C$16)+Catalogue!$F$15*C100/'Tính chọn'!$D$23) -> 1.8740295 | G100: =IF(A100>$F$10,0,IF(('Tính chọn'!$D$6+GiaDinh_K3!$D$8*Params!$C$6*C100)>=0,('Tính chọn'!$D$6+GiaDinh_K3!$D$8*Params!$C$6*C100)*'Tính chọn'!$D$23/Params!$C$16,('Tính chọn'!$D$6+GiaDinh_K3!$D$8*Params!$C$6*C100)*'Tính chọn'!$D$23*Params!$C$16)+Catalogue!$F$15*C100/'Tính chọn'!$D$23) -> 0.26602694 | H100: =F100*D100/'Tính chọn'!$D$23 -> 279.46728
A101: =87*$B$5 -> 0.87 | B101: =IF(A101<$F$4,GiaDinh_K3!$D$12,IF(A101<$F$5,0,IF(A101<$F$6,-GiaDinh_K3!$D$12,IF(A101<$F$7,0,IF(A101<$F$8,-GiaDinh_K3!$D$12,IF(A101<$F$9,0,IF(A101<$F$10,GiaDinh_K3!$D$12,0))))))) -> 0 | C101: =IF(A101<$F$4,GiaDinh_K3!$D$12*A101,IF(A101<$F$5,GiaDinh_K3!$D$11,IF(A101<$F$6,GiaDinh_K3!$D$11-GiaDinh_K3!$D$12*(A101-$F$5),IF(A101<$F$7,0,IF(A101<$F$8,-GiaDinh_K3!$D$12*(A101-$F$7),IF(A101<$F$9,-GiaDinh_K3!$D$11,IF(A101<$F$10,-GiaDinh_K3!$D$11+GiaDinh_K3!$D$12*(A101-$F$9),0))))))) -> 0 | D101: =MAX(0,D100+(C100+C101)/2*$B$5) -> 0.12 | E101: =E100+(D100+D101)/2*$B$5 -> 0.073395 | F101: =IF(A101>$F$10,0,IF((Params!$C$21+GiaDinh_K3!$D$8*Params!$C$5*C101)>=0,(Params!$C$21+GiaDinh_K3!$D$8*Params!$C$5*C101)*'Tính chọn'!$D$23/Params!$C$16,(Params!$C$21+GiaDinh_K3!$D$8*Params!$C$5*C101)*'Tính chọn'!$D$23*Params!$C$16)+Catalogue!$F$15*C101/'Tính chọn'!$D$23) -> 1.8740295 | G101: =IF(A101>$F$10,0,IF(('Tính chọn'!$D$6+GiaDinh_K3!$D$8*Params!$C$6*C101)>=0,('Tính chọn'!$D$6+GiaDinh_K3!$D$8*Params!$C$6*C101)*'Tính chọn'!$D$23/Params!$C$16,('Tính chọn'!$D$6+GiaDinh_K3!$D$8*Params!$C$6*C101)*'Tính chọn'!$D$23*Params!$C$16)+Catalogue!$F$15*C101/'Tính chọn'!$D$23) -> 0.26602694 | H101: =F101*D101/'Tính chọn'!$D$23 -> 279.46728
A102: =88*$B$5 -> 0.88 | B102: =IF(A102<$F$4,GiaDinh_K3!$D$12,IF(A102<$F$5,0,IF(A102<$F$6,-GiaDinh_K3!$D$12,IF(A102<$F$7,0,IF(A102<$F$8,-GiaDinh_K3!$D$12,IF(A102<$F$9,0,IF(A102<$F$10,GiaDinh_K3!$D$12,0))))))) -> 0 | C102: =IF(A102<$F$4,GiaDinh_K3!$D$12*A102,IF(A102<$F$5,GiaDinh_K3!$D$11,IF(A102<$F$6,GiaDinh_K3!$D$11-GiaDinh_K3!$D$12*(A102-$F$5),IF(A102<$F$7,0,IF(A102<$F$8,-GiaDinh_K3!$D$12*(A102-$F$7),IF(A102<$F$9,-GiaDinh_K3!$D$11,IF(A102<$F$10,-GiaDinh_K3!$D$11+GiaDinh_K3!$D$12*(A102-$F$9),0))))))) -> 0 | D102: =MAX(0,D101+(C101+C102)/2*$B$5) -> 0.12 | E102: =E101+(D101+D102)/2*$B$5 -> 0.074595 | F102: =IF(A102>$F$10,0,IF((Params!$C$21+GiaDinh_K3!$D$8*Params!$C$5*C102)>=0,(Params!$C$21+GiaDinh_K3!$D$8*Params!$C$5*C102)*'Tính chọn'!$D$23/Params!$C$16,(Params!$C$21+GiaDinh_K3!$D$8*Params!$C$5*C102)*'Tính chọn'!$D$23*Params!$C$16)+Catalogue!$F$15*C102/'Tính chọn'!$D$23) -> 1.8740295 | G102: =IF(A102>$F$10,0,IF(('Tính chọn'!$D$6+GiaDinh_K3!$D$8*Params!$C$6*C102)>=0,('Tính chọn'!$D$6+GiaDinh_K3!$D$8*Params!$C$6*C102)*'Tính chọn'!$D$23/Params!$C$16,('Tính chọn'!$D$6+GiaDinh_K3!$D$8*Params!$C$6*C102)*'Tính chọn'!$D$23*Params!$C$16)+Catalogue!$F$15*C102/'Tính chọn'!$D$23) -> 0.26602694 | H102: =F102*D102/'Tính chọn'!$D$23 -> 279.46728
A103: =89*$B$5 -> 0.89 | B103: =IF(A103<$F$4,GiaDinh_K3!$D$12,IF(A103<$F$5,0,IF(A103<$F$6,-GiaDinh_K3!$D$12,IF(A103<$F$7,0,IF(A103<$F$8,-GiaDinh_K3!$D$12,IF(A103<$F$9,0,IF(A103<$F$10,GiaDinh_K3!$D$12,0))))))) -> 0 | C103: =IF(A103<$F$4,GiaDinh_K3!$D$12*A103,IF(A103<$F$5,GiaDinh_K3!$D$11,IF(A103<$F$6,GiaDinh_K3!$D$11-GiaDinh_K3!$D$12*(A103-$F$5),IF(A103<$F$7,0,IF(A103<$F$8,-GiaDinh_K3!$D$12*(A103-$F$7),IF(A103<$F$9,-GiaDinh_K3!$D$11,IF(A103<$F$10,-GiaDinh_K3!$D$11+GiaDinh_K3!$D$12*(A103-$F$9),0))))))) -> 0 | D103: =MAX(0,D102+(C102+C103)/2*$B$5) -> 0.12 | E103: =E102+(D102+D103)/2*$B$5 -> 0.075795 | F103: =IF(A103>$F$10,0,IF((Params!$C$21+GiaDinh_K3!$D$8*Params!$C$5*C103)>=0,(Params!$C$21+GiaDinh_K3!$D$8*Params!$C$5*C103)*'Tính chọn'!$D$23/Params!$C$16,(Params!$C$21+GiaDinh_K3!$D$8*Params!$C$5*C103)*'Tính chọn'!$D$23*Params!$C$16)+Catalogue!$F$15*C103/'Tính chọn'!$D$23) -> 1.8740295 | G103: =IF(A103>$F$10,0,IF(('Tính chọn'!$D$6+GiaDinh_K3!$D$8*Params!$C$6*C103)>=0,('Tính chọn'!$D$6+GiaDinh_K3!$D$8*Params!$C$6*C103)*'Tính chọn'!$D$23/Params!$C$16,('Tính chọn'!$D$6+GiaDinh_K3!$D$8*Params!$C$6*C103)*'Tính chọn'!$D$23*Params!$C$16)+Catalogue!$F$15*C103/'Tính chọn'!$D$23) -> 0.26602694 | H103: =F103*D103/'Tính chọn'!$D$23 -> 279.46728
...
